directory.id,Subject,RID,Image.Data.ID,Modality,Visit,Acq.Date,DX.bl,EXAMDATE,AGE,PTGENDER,PTEDUCAT,PTETHCAT,PTRACCAT,APOE4,MMSE,imputed_genotype,APOE Genotype,Dx Codes for Submission
4702245ea294ce5d4e9b8a87027dfdf4,011_S_0003,3,32237,MRI,1,09-01-2005,AD,09-12-2005,81.3,Male,18,Not Hisp/Latino,White,1,20,TRUE,"3,4",AD
2e89e352af743597b2368c412e0f6de2,022_S_0004,4,64631,MRI,1,9/22/05,LMCI,11-08-2005,67.5,Male,10,Hisp/Latino,White,0,27,FALSE,"3,3",MCI
90419199306997753de8042f1fd55e38,011_S_0005,5,32246,MRI,1,09-02-2005,CN,09-07-2005,73.7,Male,16,Not Hisp/Latino,White,0,29,TRUE,"3,3",CN
d8d175ffff1e2053e6a18c5df494ccdf,100_S_0006,6,33025,MRI,1,11/15/05,LMCI,11/29/05,80.4,Female,13,Not Hisp/Latino,White,0,25,TRUE,"3,3",MCI
986e75b2e604cd44b38feb2188476fb2,011_S_0010,10,32270,MRI,1,11-07-2005,AD,11-10-2005,73.9,Female,12,Not Hisp/Latino,White,1,24,TRUE,"3,4",AD
1b4f75db908c740500a9f46c409b8a30,022_S_0014,14,59375,MRI,1,9/29/05,CN,11-04-2005,78.5,Female,12,Hisp/Latino,White,0,29,FALSE,"3,3",CN
d48c4a953904db90b35da1a4c06ea373,100_S_0015,15,33066,MRI,1,9/26/05,CN,10/18/05,80.8,Male,18,Not Hisp/Latino,White,1,29,TRUE,"3,4",CN
ff816ae1926d624a1f8de68024959515,011_S_0016,16,32306,MRI,1,9/27/05,CN,10/13/05,65.4,Male,9,Not Hisp/Latino,Black,1,28,FALSE,"3,4",CN
089510f9cdcea610b6f294d3b42a9035,067_S_0019,19,45228,MRI,1,10-12-2005,CN,11/23/05,73.1,Female,18,Not Hisp/Latino,White,0,29,TRUE,"2,3",CN
457d28b028ab703eb2cabb3923f6e232,011_S_0021,21,32332,MRI,1,10-10-2005,CN,10/24/05,72.6,Female,18,Not Hisp/Latino,Black,0,30,FALSE,"2,3",CN
2fa6a83821484178e2a6ce608a76671d,011_S_0022,22,32389,MRI,1,10-10-2005,CN,10/19/05,63.2,Male,17,Not Hisp/Latino,Black,1,29,FALSE,"3,4",CN
213fd857ca2eafa3f9785b63955b8512,011_S_0023,23,32409,MRI,1,10/31/05,CN,11-08-2005,71.7,Male,14,Not Hisp/Latino,Black,0,26,FALSE,"3,3",CN
b5f9f332d5599d40a77e16babd57683d,067_S_0029,29,38717,MRI,1,10/14/05,AD,10/31/05,64.1,Male,18,Not Hisp/Latino,White,1,21,TRUE,"3,4",AD
190c2a335b07954ef1119721692b0248,023_S_0030,30,31631,MRI,1,10-10-2005,LMCI,10/20/05,80,Female,19,Not Hisp/Latino,White,0,29,TRUE,"3,3",MCI
c221617556d651b83fc0bd2a19b43dbe,023_S_0031,31,69612,MRI,1,10-12-2005,CN,10/24/05,77.7,Female,18,Not Hisp/Latino,White,0,30,TRUE,"3,3",CN
be45f3db826a6bdce67f4f1aba7c5175,035_S_0033,33,45166,MRI,1,11/22/05,LMCI,12-09-2005,83.3,Male,20,Not Hisp/Latino,White,0,29,TRUE,"2,3",MCI
bf14981fc6273b8674d58707c5a4d12f,100_S_0035,35,33074,MRI,1,10/20/05,CN,11-08-2005,76.9,Male,18,Not Hisp/Latino,White,0,30,TRUE,"3,3",CN
44c61e34200344b7729ef5c6c57e559a,067_S_0038,38,35875,MRI,1,11-10-2005,LMCI,12/15/05,76.8,Male,12,Not Hisp/Latino,White,0,25,FALSE,"3,3",MCI
9d806126081df69eed6ab45fcd489ab4,099_S_0040,40,34607,MRI,1,10/24/05,CN,12/14/05,73.2,Male,18,Not Hisp/Latino,White,0,29,FALSE,"3,3",CN
100ce0724c2f3eccd41e26771baa6f1f,007_S_0041,41,35734,MRI,1,10/21/05,LMCI,11/14/05,70.9,Female,14,Not Hisp/Latino,White,2,25,TRUE,"4,4",MCI
adb37a5425b20e052e0eef5ea6ba8bc9,023_S_0042,42,31084,MRI,1,10/31/05,LMCI,11-10-2005,72.8,Male,18,Not Hisp/Latino,White,0,30,TRUE,"3,3",MCI
48a59374784d8c76735b4897584d1b27,018_S_0043,43,36485,MRI,1,12-08-2005,CN,02-03-2006,76.2,Male,16,Not Hisp/Latino,White,0,29,TRUE,"2,3",CN
386c7a273062295dd93c4365b2903725,100_S_0047,47,33086,MRI,1,11/17/05,CN,12/15/05,84.7,Male,20,Not Hisp/Latino,White,0,30,TRUE,"2,3",CN
6ead37201daf30b0e4618ec1fbaa500f,035_S_0048,48,45183,MRI,1,11/22/05,CN,12/19/05,78.3,Male,14,Not Hisp/Latino,Asian,2,29,FALSE,"4,4",CN
16cae72c821e490af9c01a7a5ff4fadf,123_S_0050,50,64390,MRI,1,11-11-2005,LMCI,12-02-2005,77.6,Male,16,Not Hisp/Latino,White,0,26,TRUE,"3,3",MCI
51f9d6c715ed5b17a5c36f17ecfa0e42,099_S_0051,51,35819,MRI,1,11/15/05,LMCI,12-08-2005,66.5,Male,18,Not Hisp/Latino,White,2,27,FALSE,"4,4",MCI
225bdfdaa3199c177edee5a3ec383dda,011_S_0053,53,35486,MRI,1,11/14/05,AD,11/29/05,80.1,Male,12,Not Hisp/Latino,White,0,23,TRUE,"3,3",AD
f4f89b9e34c3400ce62d3e07250db5aa,099_S_0054,54,35825,MRI,1,11/16/05,LMCI,12/16/05,81,Female,20,Not Hisp/Latino,White,0,27,FALSE,"3,3",MCI
4e48bd858e551ddbf7cfa1e3feeb0a94,067_S_0056,56,35893,MRI,1,11-09-2005,CN,12/22/05,69.6,Female,13,Not Hisp/Latino,Black,0,28,FALSE,"2,3",CN
dca0f41f906118dfb726ae5c4acaac6e,018_S_0057,57,36501,MRI,1,11/17/05,LMCI,01-06-2006,77.3,Male,20,Not Hisp/Latino,White,1,27,TRUE,"3,4",MCI
1ab6add2340f82e52dfcf67ea21e97b0,023_S_0058,58,108504,MRI,1,11/30/05,CN,12-12-2005,70.1,Male,16,Not Hisp/Latino,White,1,30,TRUE,"3,4",CN
6811a974de41c58db9eb4bfb047fcb12,067_S_0059,59,35902,MRI,1,12-12-2005,CN,12/22/05,70.9,Female,13,Not Hisp/Latino,Black,0,29,FALSE,"3,3",CN
5fad6db042e7b57f445c263b34b7bd1b,099_S_0060,60,35833,MRI,1,12-07-2005,LMCI,01-09-2006,70,Male,20,Not Hisp/Latino,White,1,27,TRUE,"3,4",MCI
b44d9e8f121027af2ffd3a1afc86517d,023_S_0061,61,31102,MRI,1,11/29/05,CN,12/15/05,77,Female,15,Not Hisp/Latino,Black,0,29,FALSE,"3,3",CN
c8262b8f028bb236c0efa0d1b14858e2,022_S_0066,66,59446,MRI,1,11/23/05,CN,12-07-2005,74.5,Male,18,Not Hisp/Latino,White,0,30,TRUE,"2,3",CN
61ccb79e998f4d31432ebf86e0e542d9,010_S_0067,67,96211,MRI,1,11/30/05,CN,1/18/06,74.5,Male,17,Not Hisp/Latino,White,0,27,TRUE,"2,3",CN
f1988de0fda82debfd1811b372ae5bbd,007_S_0068,68,35790,MRI,1,11/30/05,CN,12/14/05,74.4,Female,12,Not Hisp/Latino,White,0,30,TRUE,"3,3",CN
fba7b36a6efd04637dc266e1e12cd7bf,100_S_0069,69,33105,MRI,1,12/13/05,CN,1/17/06,72.9,Male,16,Not Hisp/Latino,White,0,28,TRUE,"3,3",CN
83634e05a8965cd53ee831ae5123c0c8,007_S_0070,70,36628,MRI,1,1/18/06,CN,02-02-2006,74,Male,14,Not Hisp/Latino,White,0,27,TRUE,"3,3",CN
ab1afd30830e24f766ed751a3d879537,123_S_0072,72,64395,MRI,1,01-04-2006,CN,1/17/06,70.6,Male,16,Not Hisp/Latino,White,0,28,TRUE,"3,3",CN
9199dde2b7498afe7063baa07fee278b,027_S_0074,74,34316,MRI,1,12-09-2005,CN,01-04-2006,78.2,Male,20,Not Hisp/Latino,White,0,30,TRUE,"3,3",CN
93d2f258166526c64300fdc853976bb0,067_S_0076,76,35911,MRI,1,12-06-2005,AD,01-12-2006,78.3,Male,12,Not Hisp/Latino,White,1,25,TRUE,"3,4",AD
9a0d9ff84eae380c950e26b7bd9b50fb,067_S_0077,77,68120,MRI,1,12/21/05,LMCI,02-08-2006,79.7,Male,18,Not Hisp/Latino,Asian,0,28,FALSE,"2,3",MCI
b3e6001aface0b21725de6c18e8f1890,023_S_0078,78,51999,MRI,1,12/16/05,AD,01-12-2006,76,Female,18,Not Hisp/Latino,White,1,24,TRUE,"3,4",AD
5acfde9a08cd7872f6534ad72f7664e8,018_S_0080,80,88356,MRI,1,12/29/05,LMCI,1/13/06,85,Male,18,Not Hisp/Latino,White,1,27,TRUE,"3,4",MCI
3d0f54cc7469a38add430d25442da7e1,023_S_0081,81,31125,MRI,1,01-10-2006,CN,1/25/06,70.6,Male,18,Not Hisp/Latino,White,1,30,TRUE,"3,4",CN
21485d1d90fed6019ec71efc9374338a,023_S_0083,83,31143,MRI,1,12/14/05,AD,1/19/06,73.2,Male,17,Not Hisp/Latino,White,2,22,TRUE,"4,4",AD
db0cc7537c90091257b1e7a09220fe18,023_S_0084,84,31205,MRI,1,01-04-2006,AD,1/24/06,75.3,Female,14,Not Hisp/Latino,White,1,24,TRUE,"3,4",AD
34c6b82eb9e184f6f5abcd9a143b8dc7,136_S_0086,86,66413,MRI,1,3/31/06,CN,05-08-2006,80.3,Female,18,Not Hisp/Latino,White,0,30,TRUE,"3,3",CN
e32f2371e91de6e03b8056272ebeaf87,018_S_0087,87,36504,MRI,1,12/22/05,LMCI,02-01-2006,75.1,Male,14,Not Hisp/Latino,White,0,29,TRUE,"3,3",MCI
c234aa9402e084b4a03647c4350f3e0e,123_S_0088,88,64400,MRI,1,01-06-2006,AD,2/13/06,65.6,Male,8,Not Hisp/Latino,White,2,21,TRUE,"4,4",AD
68749dad1b34fd9a09a14cf18f0a86a9,073_S_0089,89,49675,MRI,1,1/26/06,CN,1/31/06,65.1,Male,20,Not Hisp/Latino,White,0,30,FALSE,"3,3",CN
c8bfb19a047cafc0e3555c5afd049d68,099_S_0090,90,35841,MRI,1,01-11-2006,CN,1/24/06,69.8,Male,20,Not Hisp/Latino,White,2,29,FALSE,"4,4",CN
92c5051634297cde69cb2678023b05e9,123_S_0091,91,64405,MRI,1,12/23/05,AD,01-03-2006,62.4,Male,20,Not Hisp/Latino,White,0,25,TRUE,"3,3",AD
dd9ef7be8376996ada74642d8902a312,123_S_0094,94,64410,MRI,1,12/28/05,AD,01-05-2006,70.7,Female,14,Not Hisp/Latino,White,1,21,TRUE,"3,4",AD
29cf1de6b86ea48b971dc08e3d2d582d,032_S_0095,95,63424,MRI,1,12/22/05,CN,01-09-2006,71.1,Male,12,Not Hisp/Latino,White,0,26,TRUE,"2,3",CN
4800c7a3704deed30b0d8b72e9cdc5fb,022_S_0096,96,59456,MRI,1,1/18/06,CN,1/31/06,79.6,Male,20,Not Hisp/Latino,White,0,30,TRUE,"3,3",CN
d2a66afe3e7ed6c086506afe314803bb,020_S_0097,97,64046,MRI,1,01-12-2006,CN,2/22/06,72.8,Female,14,Not Hisp/Latino,White,0,30,FALSE,"2,3",CN
e80c1bc4ba469bd1c15771034f1dea79,067_S_0098,98,35920,MRI,1,1/30/06,LMCI,3/29/06,84.4,Female,16,Not Hisp/Latino,White,1,26,FALSE,"3,4",MCI
7159a7ebba9f96593ec8090623518ce5,007_S_0101,101,36726,MRI,1,12/20/05,LMCI,01-04-2006,73.6,Male,18,Not Hisp/Latino,White,2,27,TRUE,"4,4",MCI
f086afc0e6dd9cf0270940e8c5ffc1db,123_S_0106,106,65478,MRI,1,1/20/06,CN,02-01-2006,73.2,Female,15,Not Hisp/Latino,White,0,30,TRUE,"3,3",CN
63b453d28dbe31afc039ee18fe0a9855,136_S_0107,107,40445,MRI,1,2/17/06,LMCI,2/27/06,60.7,Female,19,Not Hisp/Latino,White,0,28,FALSE,"3,3",MCI
f1303fc10bf3a996762382860ff9ebf4,123_S_0108,108,64417,MRI,1,02-01-2006,LMCI,2/14/06,78.2,Male,18,Not Hisp/Latino,White,1,27,TRUE,"3,4",MCI
096c358caa6d8316c8e5f636bafba864,068_S_0109,109,63454,MRI,1,01-03-2006,AD,1/27/06,70.1,Female,16,Not Hisp/Latino,White,1,25,TRUE,"3,4",AD
52a194c17c7817f098cdeb80f64621e7,099_S_0111,111,35849,MRI,1,1/18/06,LMCI,1/31/06,75.8,Female,16,Not Hisp/Latino,White,1,24,FALSE,"3,4",MCI
341659ce73e91f4d0b3e9557b4d683b0,127_S_0112,112,35799,MRI,1,1/13/06,LMCI,02-01-2006,70.6,Male,18,Not Hisp/Latino,White,1,30,FALSE,"2,4",MCI
c318b32bb5cc2d9c508d9619c3cb899c,123_S_0113,113,63551,MRI,1,03-08-2006,CN,3/15/06,75.2,Male,20,Not Hisp/Latino,White,0,28,TRUE,"2,3",CN
bed3632f5eda5befe67a4ab04ce93ef9,027_S_0116,116,34325,MRI,1,1/27/06,LMCI,2/15/06,78.4,Male,18,Not Hisp/Latino,White,0,30,TRUE,"3,3",MCI
65df22c7f80f724bd31f84d489924fd0,027_S_0118,118,34114,MRI,1,2/24/06,CN,02-10-2006,80.4,Male,20,Not Hisp/Latino,White,0,29,TRUE,"3,3",CN
26af7b0d014245b7e9a35db991397cce,027_S_0120,120,34332,MRI,1,02-06-2006,CN,2/16/06,72,Male,20,Not Hisp/Latino,White,1,30,TRUE,"3,4",CN
6cf55330d4be0cd99730e05742672a81,131_S_0123,123,63784,MRI,1,1/19/06,CN,02-07-2006,73.3,Male,20,Not Hisp/Latino,White,0,30,TRUE,"3,3",CN
36309e6830f326c4945f61ac2d6ee100,041_S_0125,125,35671,MRI,1,1/13/06,CN,02-01-2006,73.7,Male,18,Not Hisp/Latino,White,0,29,TRUE,"3,3",CN
cc06b87ed545051640112da69cba0632,023_S_0126,126,31271,MRI,1,02-08-2006,LMCI,2/16/06,77.5,Female,14,Not Hisp/Latino,White,1,25,TRUE,"3,4",MCI
e5f65079eb32b294c9b57f23649d164f,068_S_0127,127,63111,MRI,1,2/14/06,CN,2/24/06,70.6,Male,17,Not Hisp/Latino,White,0,29,FALSE,"3,3",CN
0a3f372a409e1fac074e19e506a52eff,007_S_0128,128,36640,MRI,1,1/16/06,LMCI,02-06-2006,64.1,Female,20,Not Hisp/Latino,White,2,29,TRUE,"4,4",MCI
4fca489fa16abc94ef440ec3867b6e64,022_S_0129,129,59484,MRI,1,02-06-2006,AD,2/13/06,80.2,Female,16,Not Hisp/Latino,White,0,22,TRUE,"3,3",AD
acca61e962047c1b075529f06ead190b,022_S_0130,130,59524,MRI,1,1/23/06,CN,02-07-2006,73.1,Male,16,Not Hisp/Latino,White,0,30,TRUE,"3,3",CN
93fb5db65f333b15b3414a118055eb21,023_S_0139,139,31300,MRI,1,1/24/06,AD,02-02-2006,65.9,Female,13,Not Hisp/Latino,White,2,25,TRUE,"4,4",AD
23529eee9fa4d0ba390be6f399b095a1,021_S_0141,141,33396,MRI,1,1/23/06,LMCI,2/22/06,81.1,Male,12,Not Hisp/Latino,White,1,27,TRUE,"3,4",MCI
f5714b9a4add5cbcf8387f20cd159f01,018_S_0142,142,36886,MRI,1,1/19/06,LMCI,2/17/06,79.2,Male,14,Not Hisp/Latino,White,1,29,TRUE,"3,4",MCI
6d3f8b35edd962b937f9d4ea312678ec,032_S_0147,147,37210,MRI,1,1/26/06,AD,02-09-2006,59.7,Female,18,Not Hisp/Latino,White,0,25,TRUE,"3,3",AD
2856dcc92636133a86bd1aab9238cd75,098_S_0149,149,89429,MRI,1,1/22/06,AD,02-08-2006,87.7,Male,16,Not Hisp/Latino,White,0,20,TRUE,"3,3",AD
5e0c7d999b25f079b69b761a08b45da8,037_S_0150,150,65130,MRI,1,02-01-2006,LMCI,03-08-2006,73.9,Male,12,Not Hisp/Latino,White,0,27,TRUE,"3,3",MCI
569326f741b4469ace6ea82cd0293c3d,018_S_0155,155,36892,MRI,1,2/23/06,LMCI,3/23/06,81.1,Male,16,Not Hisp/Latino,White,1,28,TRUE,"2,4",MCI
4fb51be736da14da84a494ac7898f66a,035_S_0156,156,39533,MRI,1,1/31/06,CN,2/16/06,74.1,Male,17,Not Hisp/Latino,White,0,30,TRUE,"3,3",CN
bc17f01fd85fe8ed09f58e53f3fdc46a,137_S_0158,158,45872,MRI,1,2/14/06,LMCI,3/16/06,80.4,Female,13,Not Hisp/Latino,White,0,29,TRUE,"2,3",MCI
0ee451237d068c396cbc98ec8a2caa30,021_S_0159,159,33489,MRI,1,1/30/06,CN,03-03-2006,77.9,Female,17,Not Hisp/Latino,White,0,30,TRUE,"3,3",CN
d00542a13fcdda9e42aff79d3e707e7f,098_S_0160,160,65739,MRI,1,1/28/06,LMCI,2/14/06,75.2,Male,16,Not Hisp/Latino,White,1,27,FALSE,"3,4",MCI
e3bff7329f04c6f9b347aea754943128,123_S_0162,162,64422,MRI,1,02-08-2006,AD,03-09-2006,71.8,Male,18,Not Hisp/Latino,White,1,24,TRUE,"3,4",AD
91f635d3bb5af406ee91619b845e3a5d,114_S_0166,166,39810,MRI,1,02-10-2006,CN,2/20/06,72.5,Female,18,Not Hisp/Latino,White,1,30,TRUE,"3,4",CN
b1268976fcd6bf8a471f3c4d2ae7f33a,011_S_0168,168,35499,MRI,1,02-10-2006,LMCI,2/20/06,89.3,Male,13,Not Hisp/Latino,White,0,26,TRUE,"3,3",MCI
ee114e47aeaab1f7b8f9e7a30680ac37,014_S_0169,169,40858,MRI,1,02-07-2006,LMCI,2/16/06,71.9,Female,16,Not Hisp/Latino,White,1,29,TRUE,"3,4",MCI
62bd8382fc6fc95a6b5b963326877078,098_S_0171,171,65752,MRI,1,02-04-2006,CN,2/21/06,78.3,Female,17,Not Hisp/Latino,White,0,30,FALSE,"3,3",CN
c170a92852ac5331a8a2a38e1a72720d,098_S_0172,172,65757,MRI,1,2/26/06,CN,3/30/06,70.6,Female,18,Not Hisp/Latino,White,0,29,TRUE,"3,3",CN
9c185fed993dd0c394fa5a6d1d9a2b40,114_S_0173,173,96321,MRI,1,02-10-2006,CN,2/22/06,73.2,Male,18,Not Hisp/Latino,White,0,30,TRUE,"3,3",CN
c6df699d8833ff6d5cc6ca134e6ce319,067_S_0176,176,34797,MRI,1,04-03-2006,LMCI,05-09-2006,74.7,Male,19,Not Hisp/Latino,White,1,28,TRUE,"3,4",MCI
bceb7eec83d9163f166b1fa02a3de918,067_S_0177,177,34806,MRI,1,03-10-2006,CN,4/14/06,74.8,Female,14,Not Hisp/Latino,White,0,29,FALSE,"3,3",CN
391f340404dd6e6af086cafb66d5d996,027_S_0179,179,34136,MRI,1,2/24/06,LMCI,03-10-2006,80.9,Male,16,Not Hisp/Latino,White,1,24,TRUE,"3,4",MCI
ecc07be8d4ff5e7459d991d1c82601d9,011_S_0183,183,32003,MRI,1,03-03-2006,AD,04-04-2006,72.4,Female,14,Not Hisp/Latino,White,1,21,TRUE,"3,4",AD
9adee05c9cfffedc0a2bc498ffc845c7,136_S_0184,184,40179,MRI,1,03-06-2006,CN,3/27/06,78.3,Female,14,Not Hisp/Latino,White,1,29,TRUE,"3,4",CN
f6551e08c037e7e81eb52b545d23cf9f,136_S_0186,186,40201,MRI,1,2/24/06,CN,03-06-2006,80.4,Female,16,Not Hisp/Latino,White,0,27,TRUE,"3,3",CN
6b55175d2e849e10cc268291ec28b4ce,032_S_0187,187,37217,MRI,1,2/13/06,LMCI,2/27/06,77.1,Male,16,Not Hisp/Latino,White,2,28,TRUE,"4,4",MCI
5fadfc170baca4ba1bfb828efce5f0ed,100_S_0190,190,33109,MRI,1,4/24/06,AD,5/16/06,78.8,Male,18,Not Hisp/Latino,White,1,27,TRUE,"3,4",AD
17f9388ba640b5163ea01aa90f1f62d5,136_S_0194,194,40239,MRI,1,04-10-2006,AD,4/24/06,80.5,Female,12,Not Hisp/Latino,White,0,24,TRUE,"3,3",AD
fb6a00558a61e5368fd2666392bfdb0b,136_S_0195,195,40452,MRI,1,3/13/06,LMCI,04-04-2006,79.6,Male,18,Not Hisp/Latino,White,1,25,FALSE,"3,4",MCI
a9fa280b4c376bd3fc0f32d10c3d71a4,136_S_0196,196,40260,MRI,1,4/17/06,CN,05-01-2006,78,Female,18,Not Hisp/Latino,White,0,29,TRUE,"3,3",CN
4668af5dad78018e9ffd5a9817a71e84,035_S_0204,204,39542,MRI,1,2/14/06,LMCI,2/23/06,71.1,Female,16,Not Hisp/Latino,White,0,25,TRUE,"3,3",MCI
7e278994792a01cdc949c7ddab5cca66,068_S_0210,210,63114,MRI,1,2/16/06,CN,2/23/06,72.4,Female,13,Not Hisp/Latino,White,0,29,TRUE,"2,3",CN
41b631d22a17279fa423d8a3aff8cd96,020_S_0213,213,60600,MRI,1,3/22/06,AD,04-10-2006,62.9,Male,18,Not Hisp/Latino,White,0,24,TRUE,"2,3",AD
28d614c1534e5942d38991d715f96e6b,032_S_0214,214,37224,MRI,1,2/20/06,LMCI,03-06-2006,65.1,Male,18,Not Hisp/Latino,White,2,27,TRUE,"4,4",MCI
09e29c37d55be75d396b4911054a6f10,023_S_0217,217,31346,MRI,1,2/21/06,LMCI,2/28/06,83.6,Female,18,Not Hisp/Latino,White,0,27,TRUE,"3,3",MCI
16d7c6c86f483caed2cccee6c438e028,005_S_0221,221,72128,MRI,1,2/22/06,AD,3/23/06,67.4,Male,18,Not Hisp/Latino,White,2,20,TRUE,"4,4",AD
9bd97e848f4090d03b4e2975eed4a504,005_S_0222,222,54686,MRI,1,2/21/06,LMCI,3/17/06,85.9,Male,18,Not Hisp/Latino,White,0,25,TRUE,"3,3",MCI
00c26fc1560f8fedf2d752d5ea518620,005_S_0223,223,32855,MRI,1,2/28/06,CN,3/24/06,78,Female,18,Not Hisp/Latino,White,1,30,TRUE,"3,4",CN
9647112947bd57c24c645bdf55a48dad,021_S_0231,231,33493,MRI,1,2/28/06,LMCI,3/16/06,60.3,Male,18,Not Hisp/Latino,White,0,29,TRUE,"3,3",MCI
52b4c1c233332cfca924d80817e70532,130_S_0232,232,39108,MRI,1,03-01-2006,CN,3/13/06,78,Male,20,Not Hisp/Latino,White,0,29,TRUE,"3,3",CN
07cc3c5db1d9cca08986f2dee5d645d5,013_S_0240,240,51151,MRI,1,3/20/06,LMCI,04-05-2006,88.3,Male,16,Not Hisp/Latino,White,0,28,TRUE,"3,3",MCI
0625bb33bd04dc3da89f169275b71832,011_S_0241,241,32020,MRI,1,03-10-2006,LMCI,3/28/06,81.8,Male,16,Not Hisp/Latino,Black,0,27,FALSE,"3,3",MCI
dff2e8c82c40667d8641d7323721c9d2,007_S_0249,249,36530,MRI,1,03-02-2006,LMCI,3/14/06,72,Female,16,Not Hisp/Latino,White,1,29,TRUE,"3,4",MCI
770ad31827406096661fa38927f5564a,027_S_0256,256,34150,MRI,1,3/21/06,LMCI,04-05-2006,70.1,Male,20,Not Hisp/Latino,White,2,27,TRUE,"4,4",MCI
e3c062627668ed442d98f8142e3d4165,127_S_0259,259,34362,MRI,1,3/13/06,CN,3/28/06,70.6,Male,20,Not Hisp/Latino,White,0,30,FALSE,"3,3",CN
dbadb68fcb21c64223bdcac3e89ce4f6,127_S_0260,260,34384,MRI,1,3/23/06,CN,05-02-2006,78.6,Female,13,Not Hisp/Latino,White,0,30,FALSE,"2,3",CN
b0c5aa9a41c5c809207304b254c8611e,041_S_0262,262,124897,MRI,1,3/17/06,CN,04-12-2006,85.8,Male,14,Not Hisp/Latino,White,0,29,TRUE,"3,3",CN
7f9d6b4a9d1c21666a28e2b4827386d6,098_S_0269,269,65257,MRI,1,03-04-2006,LMCI,04-12-2006,67.1,Male,16,Not Hisp/Latino,White,1,28,TRUE,"3,4",MCI
c98f6461cc9cfc20da88298b71f38ae3,021_S_0273,273,33428,MRI,1,3/14/06,LMCI,04-05-2006,62.8,Male,12,Not Hisp/Latino,White,0,30,TRUE,"2,3",MCI
b712d2364e67cc5d689b614f540b44c3,021_S_0276,276,33433,MRI,1,3/17/06,LMCI,3/29/06,70.9,Male,18,Not Hisp/Latino,White,0,30,TRUE,"2,3",MCI
4b261a3ce25203e7811b5f0f6d162d73,041_S_0282,282,39486,MRI,1,4/19/06,LMCI,5/15/06,72.1,Male,20,Not Hisp/Latino,Asian,0,28,FALSE,"3,3",MCI
1c1db6059b934e905c979572436ac045,137_S_0283,283,66428,MRI,1,3/15/06,CN,4/20/06,78.4,Male,12,Not Hisp/Latino,White,0,28,TRUE,"3,3",CN
942d0f69d6fadf771a88ff9dbaeb5036,067_S_0284,284,34837,MRI,1,3/17/06,LMCI,05-08-2006,76.8,Female,10,Not Hisp/Latino,White,1,27,FALSE,"3,4",MCI
8627ddfe1c553fee253f978369bbfa9f,018_S_0286,286,37007,MRI,1,3/23/06,AD,5/17/06,65.9,Male,16,Not Hisp/Latino,White,0,26,FALSE,"3,3",AD
5966c7a67d28cfb866fea8ea8db9c624,067_S_0290,290,34846,MRI,1,3/28/06,LMCI,05-10-2006,75.2,Male,16,Not Hisp/Latino,White,1,28,FALSE,"3,4",MCI
44d3d5ef023c0cd082d9545f4f834386,099_S_0291,291,34524,MRI,1,03-09-2006,LMCI,3/24/06,79.4,Male,16,Not Hisp/Latino,White,1,30,TRUE,"3,4",MCI
a983c73687d17732f8ddd4f2be585253,035_S_0292,292,39569,MRI,1,3/22/06,LMCI,04-12-2006,76.4,Male,16,Not Hisp/Latino,Asian,0,24,FALSE,"3,3",MCI
4e929af739c6363545e0026aa6b33f40,007_S_0293,293,36549,MRI,1,3/14/06,LMCI,3/28/06,87.7,Male,12,Not Hisp/Latino,White,1,25,TRUE,"3,4",MCI
0d58af76120a72dfb27d3f997ac5a55a,031_S_0294,294,86206,MRI,1,3/16/06,LMCI,3/28/06,79.2,Male,16,Not Hisp/Latino,White,0,26,TRUE,"3,3",MCI
178eeac87ff2460568a8709ba32f9b1e,002_S_0295,295,45108,MRI,1,4/18/06,CN,05-09-2006,84.8,Male,18,Not Hisp/Latino,White,1,28,TRUE,"3,4",CN
e3b847e29d16bbf201fe8d1ca3fd6852,100_S_0296,296,33121,MRI,1,04-03-2006,LMCI,4/25/06,79.1,Male,10,Not Hisp/Latino,White,0,26,TRUE,"3,3",MCI
9ce8f3e971c321c29977b4ce1b3431ce,123_S_0298,298,64427,MRI,1,04-11-2006,CN,4/27/06,76.4,Male,14,Not Hisp/Latino,White,0,30,TRUE,"3,3",CN
d4d88d862f1c3f054b6cbb8cacb7220d,136_S_0299,299,40312,MRI,1,05-01-2006,AD,05-12-2006,89.1,Female,20,Not Hisp/Latino,White,0,26,TRUE,"3,3",AD
d959ca83702d54d70ad5fcc965d70cbb,136_S_0300,300,40328,MRI,1,05-09-2006,AD,5/22/06,56.4,Male,16,Not Hisp/Latino,White,2,23,TRUE,"4,4",AD
fd8ad98183ab0067719d60eefea4966e,137_S_0301,301,45881,MRI,1,3/30/06,CN,4/25/06,73.4,Female,13,Not Hisp/Latino,White,0,28,TRUE,"3,3",CN
6c00ad1eb76cd65c17b627dc9b365b4c,037_S_0303,303,65148,MRI,1,04-07-2006,CN,05-03-2006,84.2,Male,16,Not Hisp/Latino,White,1,29,TRUE,"3,4",CN
a71d916fe3f56d34e9b1bb347fcd420f,027_S_0307,307,34159,MRI,1,04-06-2006,LMCI,4/28/06,78.5,Male,19,Not Hisp/Latino,White,0,28,TRUE,"3,3",MCI
190fbd031dd85f813e389c99706bbc1f,073_S_0311,311,39868,MRI,1,5/31/06,CN,08-02-2006,78.1,Female,16,Not Hisp/Latino,White,1,30,FALSE,"3,4",CN
dea16cf70ba29d951874d7199b3bdb26,073_S_0312,312,39881,MRI,1,5/31/06,CN,08-02-2006,82.8,Male,20,Not Hisp/Latino,White,1,30,FALSE,"3,4",CN
4069b2041b6d34086a9c4aca1459103b,041_S_0314,314,34680,MRI,1,3/28/06,LMCI,4/20/06,72.1,Male,19,Not Hisp/Latino,White,1,28,TRUE,"3,4",MCI
88d14fdab01e6b4092eafc4e27377e7f,072_S_0315,315,86438,MRI,1,3/29/06,CN,4/17/06,71.5,Male,16,Not Hisp/Latino,White,0,28,TRUE,"3,3",CN
6cc2cae5d2736e1234080fbd08bb1620,007_S_0316,316,36573,MRI,1,3/29/06,AD,4/24/06,80.9,Male,16,Not Hisp/Latino,White,2,26,TRUE,"4,4",AD
28b362045a08f401b7e1b20594ad94bf,031_S_0321,321,65383,MRI,1,3/21/06,AD,4/19/06,68.3,Male,18,Not Hisp/Latino,White,2,26,FALSE,"4,4",AD
9a52c0fd100c47052daa91fadbcb9a91,005_S_0324,324,32891,MRI,1,3/30/06,LMCI,4/21/06,75.3,Female,14,Not Hisp/Latino,White,0,24,TRUE,"3,3",MCI
7b84872603459b0667b79c307edd130b,013_S_0325,325,54665,MRI,1,4/19/06,LMCI,06-09-2006,70.6,Female,18,Not Hisp/Latino,White,1,28,TRUE,"3,4",MCI
34d2e1c95a9795e1f25511f1c6e16a5d,011_S_0326,326,89390,MRI,1,3/20/06,LMCI,04-07-2006,76.9,Male,16,Not Hisp/Latino,White,0,27,TRUE,"3,3",MCI
192771d90d9b3ef1b0326d8d29098f77,037_S_0327,327,79732,MRI,1,4/19/06,CN,5/26/06,70,Male,16,Not Hisp/Latino,White,0,29,TRUE,"3,3",CN
cac9c5aeb84d6c946e456bee16a4e5e0,014_S_0328,328,39620,MRI,1,3/22/06,AD,4/13/06,76.6,Male,17,Not Hisp/Latino,White,1,24,TRUE,"3,4",AD
df92b762a63c41e1842c1ff3984472c4,023_S_0331,331,31369,MRI,1,3/23/06,LMCI,04-06-2006,64.6,Female,14,Not Hisp/Latino,White,2,27,TRUE,"4,4",MCI
a662359e5ab3456b199d9a31e8a48cf2,021_S_0332,332,33599,MRI,1,04-04-2006,LMCI,4/19/06,69.9,Male,16,Not Hisp/Latino,White,0,25,TRUE,"3,3",MCI
30c753be28fe88105082f1e27262a43b,018_S_0335,335,35009,MRI,1,5/16/06,AD,5/31/06,83.4,Female,14,Not Hisp/Latino,White,0,20,TRUE,"2,3",AD
9c713562f4695021e0e0c14487476e46,067_S_0336,336,34857,MRI,1,05-04-2006,LMCI,06-01-2006,76.1,Male,17,Not Hisp/Latino,White,1,24,TRUE,"3,4",MCI
8abc002b7c1a5bff024d13bbe8b79f87,021_S_0337,337,33437,MRI,1,3/28/06,CN,4/25/06,75.8,Male,20,Not Hisp/Latino,White,1,30,TRUE,"3,4",CN
7b12de4ca11ea734783368f7b5d014a6,035_S_0341,341,45213,MRI,1,04-06-2006,AD,4/26/06,74,Male,16,Not Hisp/Latino,White,2,25,TRUE,"4,4",AD
b936eebd89283ef02b249d807e6f7957,021_S_0343,343,33444,MRI,1,04-06-2006,AD,4/25/06,71.8,Male,12,Not Hisp/Latino,White,1,22,TRUE,"3,4",AD
dd9ba84ad43c681dd7b91159cfdc5ddd,031_S_0351,351,65401,MRI,1,4/18/06,LMCI,05-10-2006,68.4,Male,18,Not Hisp/Latino,White,0,29,FALSE,"3,3",MCI
978c7dcecf05c52d28a904ff14833bf8,099_S_0352,352,34537,MRI,1,04-07-2006,CN,4/14/06,77,Female,14,Not Hisp/Latino,White,0,29,FALSE,"3,3",CN
1aa919855faa5fbb951cb5483ce29d58,016_S_0354,354,92669,MRI,1,05-05-2006,LMCI,6/19/06,75.8,Male,16,Not Hisp/Latino,White,0,27,TRUE,"2,3",MCI
02d360c2a246b9bd9569f3f0a28ac769,016_S_0359,359,96221,MRI,1,04-06-2006,CN,06-05-2006,81.3,Female,14,Not Hisp/Latino,White,0,30,TRUE,"3,3",CN
6c92b64c2d91dce495d3de86b89c0aee,116_S_0361,361,59753,MRI,1,4/27/06,LMCI,05-10-2006,74.5,Male,17,Not Hisp/Latino,White,1,29,TRUE,"3,4",MCI
b47a2a877d15bc3e7db6b3ed07058293,011_S_0362,362,89404,MRI,1,3/28/06,LMCI,4/19/06,70.5,Female,16,Not Hisp/Latino,Black,1,24,FALSE,"3,4",MCI
9c57487fe0cba9221f2eede42269ddcc,137_S_0366,366,46608,MRI,1,05-10-2006,AD,06-05-2006,56.5,Female,20,Not Hisp/Latino,White,0,23,TRUE,"3,3",AD
e3888f697c8fd98258b1545e9522b216,018_S_0369,369,37194,MRI,1,3/30/06,CN,05-11-2006,76,Male,18,Not Hisp/Latino,White,0,30,TRUE,"3,3",CN
9f29ddda1ab265f79895b619dd257965,116_S_0370,370,59777,MRI,1,4/24/06,AD,05-11-2006,74.5,Female,16,Not Hisp/Latino,Asian,0,25,FALSE,"3,3",AD
504e69032fd9a9a733d58adb43d91085,099_S_0372,372,34549,MRI,1,4/21/06,AD,4/26/06,79,Male,20,Not Hisp/Latino,White,0,23,FALSE,"3,3",AD
f008ff25c159179855369e201552100f,114_S_0374,374,39817,MRI,1,04-10-2006,AD,4/19/06,75.9,Female,15,Unknown,White,1,26,TRUE,"3,4",AD
e28ee312c1002975d6f4dbaa1a165ecf,023_S_0376,376,31384,MRI,1,04-03-2006,LMCI,4/20/06,70.5,Male,15,Not Hisp/Latino,White,0,28,TRUE,"3,3",MCI
7bb5dd7fb066ba2b3d40f430fef010c9,114_S_0378,378,95688,MRI,1,04-04-2006,LMCI,4/24/06,69,Female,16,Not Hisp/Latino,White,1,28,TRUE,"3,4",MCI
719833d6b619f8683f09e21448449737,116_S_0382,382,59725,MRI,1,5/15/06,CN,06-01-2006,75.5,Female,20,Not Hisp/Latino,White,0,29,TRUE,"3,3",CN
e121182641e49d7bc6eb31ab0ab0ad98,131_S_0384,384,48002,MRI,1,3/27/06,LMCI,4/25/06,79.8,Male,14,Not Hisp/Latino,White,0,29,TRUE,"3,3",MCI
a22fdd1d569b5c78e68579cff122b37c,073_S_0386,386,49680,MRI,1,4/20/06,CN,5/23/06,72.3,Female,13,Not Hisp/Latino,White,1,29,FALSE,"3,4",CN
52c03ca0529e2eee06f48972f0db9d42,023_S_0388,388,31437,MRI,1,04-10-2006,LMCI,4/25/06,71.2,Male,15,Not Hisp/Latino,White,2,25,TRUE,"4,4",MCI
6d80f52736a1e702d4e0d4b9703bb89e,053_S_0389,389,65676,MRI,1,4/20/06,LMCI,05-05-2006,71.5,Female,16,Not Hisp/Latino,White,1,26,TRUE,"3,4",MCI
2d4db7fda5b59e756c0a4721fdc87716,123_S_0390,390,64430,MRI,1,04-11-2006,LMCI,05-08-2006,80.4,Male,16,Not Hisp/Latino,White,1,30,TRUE,"3,4",MCI
f17431b84da6c7b592577df374416cde,116_S_0392,392,59690,MRI,1,06-05-2006,AD,6/20/06,84.6,Female,17,Not Hisp/Latino,White,2,20,TRUE,"4,4",AD
2e3eedb5ec3182276dc3f5aa70585540,127_S_0393,393,34393,MRI,1,04-12-2006,LMCI,5/25/06,86.2,Female,16,Not Hisp/Latino,White,0,28,FALSE,"2,3",MCI
e0c16802c2538f7bf940f2470d44d909,127_S_0394,394,34398,MRI,1,5/17/06,LMCI,6/23/06,84,Female,12,Not Hisp/Latino,White,0,27,FALSE,"3,3",MCI
734ed6299d2eb8969ed137c46dcbc378,032_S_0400,400,36459,MRI,1,4/17/06,AD,4/27/06,69.2,Male,18,Not Hisp/Latino,White,0,26,TRUE,"3,3",AD
1e3c32a464459d3bd051f5f69dde5966,027_S_0403,403,34181,MRI,1,4/20/06,CN,05-04-2006,76.3,Male,16,Not Hisp/Latino,White,0,30,TRUE,"3,3",CN
f617117816368b5a3d9879d3f0d0f9a1,027_S_0404,404,34204,MRI,1,4/27/06,AD,05-12-2006,87.8,Female,14,Not Hisp/Latino,White,0,20,TRUE,"3,3",AD
7ca60c899e0168d5b01e703cb6b9f2da,018_S_0406,406,37199,MRI,1,4/20/06,LMCI,6/26/06,77.8,Male,11,Not Hisp/Latino,Black,1,29,FALSE,"3,4",MCI
08f78ee8dad83ba600c5dc8c1bd228ac,027_S_0408,408,37548,MRI,1,05-10-2006,LMCI,5/19/06,82.2,Male,20,Not Hisp/Latino,White,0,24,TRUE,"3,3",MCI
737c1272de3a6b8310e418481c912b64,114_S_0410,410,39824,MRI,1,4/18/06,LMCI,4/26/06,61.3,Female,16,Not Hisp/Latino,White,1,29,TRUE,"3,4",MCI
4d953ce78fb484052e8b735e5493770a,002_S_0413,413,45117,MRI,1,05-02-2006,CN,05-08-2006,76.3,Female,16,Not Hisp/Latino,White,0,29,TRUE,"3,3",CN
b1095d650c775a86fa3f06dd5207a6c0,007_S_0414,414,36599,MRI,1,5/22/06,LMCI,06-02-2006,79.6,Female,18,Not Hisp/Latino,White,1,25,TRUE,"3,4",MCI
fb042b3bc3038fd3f160f2fa628b2723,114_S_0416,416,39836,MRI,1,4/20/06,CN,05-04-2006,75.6,Female,14,Not Hisp/Latino,White,0,29,TRUE,"3,3",CN
ec085ccc784fa443f8132704ccd98d02,010_S_0419,419,63320,MRI,1,5/16/06,CN,6/30/06,70.2,Male,18,Not Hisp/Latino,White,0,30,TRUE,"2,2",CN
d2183584ab9abc07b4e465b04bb5a1f9,010_S_0422,422,63332,MRI,1,11/30/06,LMCI,9/15/06,61.6,Male,20,Not Hisp/Latino,White,0,29,TRUE,"3,3",MCI
6af11cbeca8650b319f8609484b7530b,130_S_0423,423,39132,MRI,1,5/30/06,LMCI,08-08-2006,79.3,Male,20,Not Hisp/Latino,White,1,29,TRUE,"3,4",MCI
aa92f24d645afbc4337f95ace2ddd0eb,021_S_0424,424,33644,MRI,1,4/20/06,LMCI,05-11-2006,80.6,Male,16,Not Hisp/Latino,White,1,27,TRUE,"3,4",MCI
ebc17776e16f7bad79a51f34ead8b819,018_S_0425,425,63383,MRI,1,4/19/06,CN,6/19/06,85.8,Male,20,Not Hisp/Latino,White,0,29,TRUE,"3,3",CN
8fde25049499a5fd15e05723acec2573,136_S_0426,426,40356,MRI,1,5/16/06,AD,5/30/06,79.6,Male,16,Not Hisp/Latino,White,1,24,TRUE,"3,4",AD
10473a37c4bd98f541c449072f750be7,136_S_0429,429,40387,MRI,1,6/14/06,LMCI,6/27/06,62.7,Male,12,Not Hisp/Latino,White,0,25,FALSE,"3,3",MCI
542633e0c2eaecd11e0b239f9db0cf1e,127_S_0431,431,34443,MRI,1,5/17/06,AD,6/23/06,84,Male,12,Not Hisp/Latino,White,1,24,FALSE,"3,4",AD
0cef106b65bf05afbe10326909ff362a,133_S_0433,433,39937,MRI,1,05-03-2006,CN,5/18/06,85.5,Female,14,Not Hisp/Latino,White,0,27,FALSE,"3,3",CN
dddefecef82e1540d5adc4294e685b86,094_S_0434,434,39122,MRI,1,4/20/06,LMCI,05-11-2006,71.7,Male,20,Not Hisp/Latino,White,1,26,FALSE,"3,4",MCI
a5ad7730420b91e30e4bfd7e017d8f3d,131_S_0441,441,48029,MRI,1,4/24/06,CN,05-09-2006,72.7,Female,16,Not Hisp/Latino,White,0,29,TRUE,"3,3",CN
6ae8a25cd88a15b1587eb1fbfdda1b21,068_S_0442,442,65727,MRI,1,05-09-2006,LMCI,5/26/06,74.7,Male,16,Not Hisp/Latino,White,1,29,TRUE,"3,4",MCI
a341c9cfc8f4d2048e9167bc8701a051,137_S_0443,443,46622,MRI,1,6/15/06,LMCI,7/27/06,63,Male,18,Not Hisp/Latino,White,0,28,FALSE,"3,3",MCI
cc4e6330c28da2082d4bc7369ba8879f,041_S_0446,446,40433,MRI,1,05-02-2006,LMCI,5/25/06,88.8,Male,11,Not Hisp/Latino,White,0,26,TRUE,"3,3",MCI
afbc1ca3d7d6754ff0e97c5e01138c61,005_S_0448,448,32875,MRI,1,05-04-2006,LMCI,5/15/06,85.5,Male,17,Not Hisp/Latino,White,0,26,TRUE,"3,3",MCI
dfc3e9a225afd9b51cbe7867fcbe92bd,018_S_0450,450,37206,MRI,1,05-04-2006,LMCI,6/23/06,68.4,Male,20,Not Hisp/Latino,White,1,30,TRUE,"3,4",MCI
dc969ea5efbef9fff9124dc965cb61ea,037_S_0454,454,79755,MRI,1,05-09-2006,CN,6/14/06,81.8,Female,13,Not Hisp/Latino,White,0,29,TRUE,"3,3",CN
491bea0789af05de0b3c53225717cef6,131_S_0457,457,92406,MRI,1,05-03-2006,AD,5/16/06,82.7,Female,12,Not Hisp/Latino,White,1,25,TRUE,"3,4",AD
381abe3ee0203923915332e08c3ac81d,114_S_0458,458,39845,MRI,1,05-09-2006,LMCI,5/23/06,82.9,Female,11,Not Hisp/Latino,Black,1,24,FALSE,"3,4",MCI
44d2cdcb432b0560a16a6e8f7d3b3dee,137_S_0459,459,46629,MRI,1,4/25/06,CN,05-08-2006,72.9,Male,16,Not Hisp/Latino,White,0,30,TRUE,"3,3",CN
d6bb5e19b1844cfedc6438c5f10b96bf,027_S_0461,461,34231,MRI,1,06-02-2006,LMCI,6/16/06,80.3,Male,19,Not Hisp/Latino,White,1,27,TRUE,"3,4",MCI
6d45826aea9425bc478e24f68318b26b,057_S_0464,464,34707,MRI,1,5/17/06,LMCI,6/20/06,83.1,Male,16,Not Hisp/Latino,White,0,29,TRUE,"3,3",MCI
10a2fee29a6d2fdc241ab6fdd798544a,037_S_0467,467,108505,MRI,1,05-02-2006,CN,6/13/06,81.1,Female,12,Not Hisp/Latino,White,0,30,TRUE,"3,3",CN
cc46b9fd1549a1c8893cc40c9c1bac43,099_S_0470,470,34570,MRI,1,05-10-2006,AD,5/17/06,86.6,Female,13,Not Hisp/Latino,White,1,21,FALSE,"2,4",AD
7da091a50e970a8fd62d16c66f1af74a,010_S_0472,472,62630,MRI,1,11/22/06,CN,11/21/06,72,Male,20,Not Hisp/Latino,White,0,30,TRUE,"2,3",CN
ca1137280da8585f59730c34c986456c,068_S_0473,473,140334,MRI,1,05-03-2006,CN,05-11-2006,72.6,Male,18,Not Hisp/Latino,White,1,29,TRUE,"3,4",CN
10405b88cc083c409d40264fc9bbacbe,057_S_0474,474,34720,MRI,1,05-03-2006,AD,5/30/06,77.3,Female,16,Not Hisp/Latino,White,2,26,TRUE,"4,4",AD
7be842e980e4010dd73bb383c4376a88,032_S_0479,479,36469,MRI,1,5/15/06,CN,06-01-2006,73.5,Female,20,Not Hisp/Latino,White,0,30,TRUE,"3,3",CN
9991115fd06259a7c366b88834cfcbc8,137_S_0481,481,46647,MRI,1,05-11-2006,LMCI,06-01-2006,84.8,Male,18,Not Hisp/Latino,White,1,24,TRUE,"3,4",MCI
cb8403aefb1f3a1af552a8da4aa89d9a,027_S_0485,485,37557,MRI,1,05-08-2006,LMCI,5/25/06,64.4,Male,16,Not Hisp/Latino,White,2,24,TRUE,"4,4",MCI
3f164d81f8308611de9a7c5d5ef3086b,116_S_0487,487,59686,MRI,1,06-01-2006,AD,06-12-2006,76.4,Male,20,Not Hisp/Latino,White,1,22,TRUE,"3,4",AD
28c045703477a9bcd4b802df6b5f94d6,133_S_0488,488,107934,MRI,1,05-09-2006,CN,06-02-2006,70.9,Female,16,Not Hisp/Latino,White,0,30,TRUE,"3,3",CN
a20ea492f0b6143f5db608d77c5a575d,131_S_0497,497,48038,MRI,1,06-07-2006,AD,6/19/06,75.7,Male,12,Not Hisp/Latino,White,2,23,TRUE,"4,4",AD
cf8410a8630b840b40c33a9d9ea1f820,006_S_0498,498,55943,MRI,1,9/19/06,CN,09-06-2006,70.3,Male,12,Not Hisp/Latino,White,1,25,TRUE,"2,4",CN
36f5c32a83e50abee83315faddc68a24,037_S_0501,501,79773,MRI,1,5/23/06,LMCI,6/23/06,77.9,Male,13,Not Hisp/Latino,White,0,30,TRUE,"3,3",MCI
9c65a2bcff5161c78a6773183b81aaf7,013_S_0502,502,51138,MRI,1,7/25/06,CN,09-06-2006,74.9,Male,18,Not Hisp/Latino,White,0,29,TRUE,"3,3",CN
a2d44ed142bb7a3f0d179711066a7597,130_S_0505,505,39142,MRI,1,7/25/06,LMCI,10-11-2006,79.7,Male,16,Not Hisp/Latino,White,0,28,TRUE,"3,3",MCI
ad01491d7e9bb5e6658a9cdefc9c372f,053_S_0507,507,80199,MRI,1,5/15/06,LMCI,5/29/06,55.2,Female,18,Not Hisp/Latino,White,0,25,TRUE,"3,3",MCI
0ed5a755936fc7e85af9756882e0a76a,033_S_0511,511,42240,MRI,1,06-01-2006,LMCI,06-07-2006,57.7,Male,14,Not Hisp/Latino,White,0,25,TRUE,"3,3",MCI
76d42eba880b8f8806c114d05ad9af35,033_S_0513,513,42258,MRI,1,5/18/06,LMCI,06-05-2006,68.9,Male,18,Not Hisp/Latino,White,2,28,TRUE,"4,4",MCI
34a2f4d6e917742754af54bb88065d02,033_S_0514,514,42276,MRI,1,5/18/06,LMCI,06-09-2006,80.7,Male,20,Not Hisp/Latino,White,0,26,TRUE,"3,3",MCI
f1e0228dded966e101f05993f3fb9820,033_S_0516,516,42308,MRI,1,5/22/06,CN,06-09-2006,87.6,Male,15,Not Hisp/Latino,White,0,27,TRUE,"3,3",CN
b544ef870028b1da76b0cdc7456d05e5,073_S_0518,518,39909,MRI,1,09-11-2006,LMCI,12-01-2006,69.4,Male,20,Not Hisp/Latino,White,2,29,TRUE,"4,4",MCI
23f08e6aa2007e5cb66accc954b2305e,014_S_0519,519,39647,MRI,1,05-12-2006,CN,06-06-2006,74.1,Male,16,Not Hisp/Latino,White,0,29,TRUE,"3,3",CN
0415768a76474119349c5f016a54fd6a,014_S_0520,520,39660,MRI,1,05-12-2006,CN,06-06-2006,77.7,Female,16,Not Hisp/Latino,White,2,30,TRUE,"4,4",CN
f4bcc359574a5415e99f5acef67261e5,133_S_0525,525,39980,MRI,1,5/30/06,CN,6/26/06,70,Female,16,Not Hisp/Latino,White,0,30,TRUE,"3,3",CN
ad0ec6e6c2925ef06815a19c4a028cc2,094_S_0526,526,63468,MRI,1,5/16/06,CN,5/25/06,85.1,Female,7,Not Hisp/Latino,Black,0,26,FALSE,"2,3",CN
92e2d136cde28af9505a2c66df370c46,094_S_0531,531,49666,MRI,1,5/16/06,LMCI,07-05-2006,74.3,Female,18,Not Hisp/Latino,White,0,25,FALSE,"2,3",MCI
a2686dbc788828cce2e5740e9f743805,099_S_0533,533,38785,MRI,1,5/25/06,CN,5/30/06,81,Female,12,Not Hisp/Latino,White,0,30,TRUE,"3,3",CN
615fa4d2b4c8c7cd40f380a89ebf7085,099_S_0534,534,34578,MRI,1,05-04-2006,CN,5/17/06,62.8,Male,18,Not Hisp/Latino,White,1,28,FALSE,"3,4",CN
94cae0058732df3b4d630831bc254e79,062_S_0535,535,50426,MRI,1,5/18/06,AD,6/13/06,76.8,Male,15,Not Hisp/Latino,White,1,23,TRUE,"3,4",AD
d0753c71b529e0ad1d57a1f8c0569917,016_S_0538,538,40772,MRI,1,08-02-2006,CN,8/15/06,82.7,Male,16,Not Hisp/Latino,White,0,29,TRUE,"3,3",CN
790e1cac4987f7241fdb1290e5dcc45a,037_S_0539,539,79792,MRI,1,6/15/06,LMCI,7/31/06,73.4,Male,20,Not Hisp/Latino,Asian,1,27,FALSE,"3,4",MCI
a1ffbbf759d583c416bf6921b615cd38,022_S_0544,544,64672,MRI,1,5/17/06,LMCI,5/24/06,76.7,Female,12,Not Hisp/Latino,White,0,28,TRUE,"3,3",MCI
d52ed0e41318ed4676eb9c0d75a264d2,005_S_0546,546,32681,MRI,1,6/15/06,LMCI,7/13/06,79.4,Male,16,Not Hisp/Latino,White,1,28,TRUE,"3,4",MCI
3d330277146f2096857435dc667cc3d6,006_S_0547,547,75279,MRI,1,9/21/06,AD,09-11-2006,75.6,Male,12,Not Hisp/Latino,White,0,26,TRUE,"3,3",AD
ad330fcb1882ddd0baa1627e1b12ef6a,014_S_0548,548,39665,MRI,1,5/25/06,CN,06-08-2006,73.6,Female,12,Not Hisp/Latino,White,1,29,TRUE,"3,4",CN
3e15b57b053f862033bc9460ddc1ae21,041_S_0549,549,39506,MRI,1,6/13/06,LMCI,08-11-2006,68.7,Male,14,Not Hisp/Latino,White,1,25,TRUE,"3,4",MCI
d66d5e5b8bb4a1d4506568112b4c6843,099_S_0551,551,34586,MRI,1,5/18/06,LMCI,5/22/06,64.2,Male,16,Not Hisp/Latino,White,0,29,FALSE,"3,3",MCI
694d3efede3cbf241f701f8020105a2b,037_S_0552,552,79796,MRI,1,5/24/06,LMCI,6/21/06,60.1,Female,19,Not Hisp/Latino,White,1,27,TRUE,"3,4",MCI
752d70d351e8823535bb28e4a9ad8ca8,005_S_0553,553,32644,MRI,1,6/14/06,CN,6/28/06,84.6,Male,18,Not Hisp/Latino,White,0,30,TRUE,"2,3",CN
2362ad46d7088dd4c194dbb146c92a7c,031_S_0554,554,64711,MRI,1,5/23/06,AD,06-12-2006,71.6,Male,14,Not Hisp/Latino,Black,1,20,FALSE,"3,4",AD
17536e71833b071278756e44844d248e,035_S_0555,555,39614,MRI,1,11/14/06,CN,11/30/06,77,Male,16,Not Hisp/Latino,White,1,28,TRUE,"3,4",CN
bf9bd00c81611ae63ae5d4a89ef4be29,014_S_0557,557,39674,MRI,1,5/31/06,LMCI,06-08-2006,72,Male,20,Not Hisp/Latino,White,1,30,TRUE,"3,4",MCI
8bb0d72fe978ae992f6115390a947e1c,014_S_0558,558,39683,MRI,1,6/21/06,CN,07-06-2006,79.8,Male,19,Not Hisp/Latino,White,0,29,TRUE,"3,3",CN
5a082884dd7415fca9cf06002a00d7e8,014_S_0563,563,39692,MRI,1,07-05-2006,LMCI,7/20/06,80.6,Male,18,Not Hisp/Latino,White,0,26,TRUE,"3,3",MCI
8791bc23d87aa1af7015d2b90fd951c8,073_S_0565,565,39919,MRI,1,6/21/06,AD,08-03-2006,74.6,Male,14,Not Hisp/Latino,White,2,24,FALSE,"4,4",AD
5a5727aee4c1240c30bb42943e13ca8b,037_S_0566,566,79803,MRI,1,6/13/06,LMCI,08-04-2006,78.8,Male,20,Not Hisp/Latino,White,1,29,TRUE,"3,4",MCI
70436a8774e3c5b1d16938fe4b6a824a,033_S_0567,567,42370,MRI,1,5/17/06,LMCI,06-05-2006,73.6,Male,16,Not Hisp/Latino,White,1,28,TRUE,"3,4",MCI
fce503901fac40f103f00db6c84cb076,031_S_0568,568,64922,MRI,1,5/22/06,LMCI,06-09-2006,79.8,Female,16,Not Hisp/Latino,White,0,27,TRUE,"3,3",MCI
d0815107b7893c481c0e25e3d6491336,013_S_0575,575,51160,MRI,1,8/14/06,CN,9/20/06,86.2,Female,17,Not Hisp/Latino,White,0,29,TRUE,"3,3",CN
b256935246cd946c92450b4700bfae1e,036_S_0576,576,36903,MRI,1,06-01-2006,CN,06-09-2006,77.5,Male,14,Not Hisp/Latino,White,0,28,TRUE,"3,3",CN
1f6790cccd082bd696b369170b13ec97,036_S_0577,577,36914,MRI,1,5/26/06,AD,06-09-2006,72.4,Female,12,Not Hisp/Latino,White,2,24,TRUE,"4,4",AD
2c5506f146af6e4a1f831e874005e95d,062_S_0578,578,50459,MRI,1,5/30/06,CN,6/22/06,77,Female,14,Not Hisp/Latino,White,0,30,TRUE,"3,3",CN
69715a07734081f4b04d538b780100c7,136_S_0579,579,40410,MRI,1,6/29/06,LMCI,07-10-2006,65.4,Female,18,Not Hisp/Latino,White,1,29,TRUE,"3,4",MCI
8931f05f2591b44b5114fead97a6af85,037_S_0588,588,79824,MRI,1,11/28/06,LMCI,12/19/06,64.6,Male,14,Not Hisp/Latino,White,2,25,TRUE,"4,4",MCI
73d346402be7c8ac37c73635fbaf6e39,041_S_0598,598,40037,MRI,1,6/16/06,LMCI,08-02-2006,72.3,Male,20,Not Hisp/Latino,White,0,27,TRUE,"3,3",MCI
6e0ee103d0e0fdec72c384b8079cd8ad,114_S_0601,601,39850,MRI,1,06-05-2006,CN,6/27/06,76.6,Female,16,Not Hisp/Latino,White,0,30,TRUE,"3,3",CN
77c070bba211a1ac21605814395e6eac,005_S_0602,602,32672,MRI,1,6/29/06,CN,07-11-2006,70.7,Male,17,Not Hisp/Latino,White,0,29,TRUE,"3,3",CN
17883b32655d43e70640177166ddbdd1,023_S_0604,604,31455,MRI,1,06-02-2006,LMCI,6/20/06,86.5,Male,14,Not Hisp/Latino,White,0,25,FALSE,"3,3",MCI
7752cb9efcccf99ae23ed3aed13b1420,126_S_0605,605,38861,MRI,1,6/15/06,CN,6/27/06,75.6,Female,16,Not Hisp/Latino,White,1,30,TRUE,"3,4",CN
bbadbc0b56771978ecb1d8669d32245f,126_S_0606,606,38918,MRI,1,7/20/06,AD,08-02-2006,68.5,Female,10,Not Hisp/Latino,White,2,23,TRUE,"4,4",AD
ea4c9fe484385bf2a74f078c6ed0e3d5,067_S_0607,607,35938,MRI,1,6/27/06,LMCI,7/19/06,78,Female,14,Not Hisp/Latino,White,1,30,TRUE,"3,4",MCI
2676a448a60245b501974acc1629218c,005_S_0610,610,32667,MRI,1,6/21/06,CN,07-10-2006,79,Male,20,Not Hisp/Latino,White,0,29,TRUE,"3,3",CN
da022a5df80d136d3aa26bfa06702278,002_S_0619,619,48617,MRI,1,06-01-2006,AD,6/20/06,77.5,Male,12,Not Hisp/Latino,White,2,22,FALSE,"4,4",AD
93838b53546340fde896a9837fbd0989,053_S_0621,621,64189,MRI,1,06-12-2006,LMCI,6/26/06,62.3,Female,16,Not Hisp/Latino,White,1,28,TRUE,"3,4",MCI
6f6fcc6432a9a4065ec4f4ed2171c894,127_S_0622,622,34452,MRI,1,6/13/06,CN,6/28/06,74.5,Female,15,Not Hisp/Latino,White,1,30,FALSE,"3,4",CN
1a14609c3f2599243cd62a100878b7e1,023_S_0625,625,31495,MRI,1,6/23/06,LMCI,07-10-2006,75.9,Male,6,Not Hisp/Latino,White,0,24,TRUE,"3,3",MCI
1e87763fd1b96425386ff524266c8a9e,021_S_0626,626,34672,MRI,1,6/29/06,LMCI,08-07-2006,83.2,Male,16,Not Hisp/Latino,White,0,25,TRUE,"3,3",MCI
7a7a7038f5ffc6ceb89a8818035b88e3,037_S_0627,627,79831,MRI,1,07-06-2006,AD,8/14/06,58.4,Female,12,Not Hisp/Latino,White,2,23,TRUE,"4,4",AD
213a195db823fa1d897c220a6322cd28,133_S_0629,629,40954,MRI,1,6/23/06,LMCI,7/19/06,70.8,Male,20,Not Hisp/Latino,White,2,29,FALSE,"4,4",MCI
06c8aea775f700c2577088392284c7e9,137_S_0631,631,46655,MRI,1,6/16/06,LMCI,07-11-2006,77.1,Male,14,Not Hisp/Latino,White,1,25,TRUE,"3,4",MCI
3d40de50024009efb0c987ae52760b57,018_S_0633,633,35036,MRI,1,6/15/06,AD,7/17/06,83.3,Male,11,Not Hisp/Latino,White,1,20,TRUE,"3,4",AD
d35c5b04f9d91b99c23a2b12216d41eb,012_S_0634,634,64585,MRI,1,6/16/06,LMCI,07-12-2006,82.1,Male,20,Not Hisp/Latino,White,0,26,TRUE,"3,3",MCI
296bf9815af214025477d4c55c95bf56,012_S_0637,637,59243,MRI,1,6/16/06,CN,7/17/06,76.1,Female,16,Not Hisp/Latino,White,0,28,TRUE,"2,3",CN
3925fc76d8c44c50f0cb7604e4f45c49,133_S_0638,638,67531,MRI,1,6/26/06,LMCI,09-06-2006,83.1,Male,17,Not Hisp/Latino,White,2,23,TRUE,"4,4",MCI
5e1429722e4c68874510b31a0764e45d,021_S_0642,642,33452,MRI,1,6/28/06,AD,7/26/06,84.5,Male,16,Not Hisp/Latino,White,0,25,TRUE,"3,3",AD
f3254d1103f2b82aca2709e3d300af9d,057_S_0643,643,34725,MRI,1,6/21/06,CN,07-12-2006,71.4,Female,15,Not Hisp/Latino,White,2,29,TRUE,"4,4",CN
8c9a00ea4cfa7d436d319976136b78e2,027_S_0644,644,34240,MRI,1,6/16/06,LMCI,6/30/06,75,Male,14,Not Hisp/Latino,White,0,28,TRUE,"3,3",MCI
0f893c5accd6bfe1049c1b8234710abc,021_S_0647,647,33457,MRI,1,6/29/06,CN,08-02-2006,72.8,Male,16,Not Hisp/Latino,White,0,30,TRUE,"3,3",CN
4aa3b6d3f8d1de6f4007639caa9196fa,116_S_0648,648,59666,MRI,1,08-03-2006,CN,8/15/06,71.5,Female,14,Not Hisp/Latino,White,0,30,TRUE,"3,3",CN
9790370ae0343d8b4bfdcbea2f3be9b2,116_S_0649,649,59697,MRI,1,7/24/06,LMCI,8/16/06,86.7,Male,20,Not Hisp/Latino,White,1,26,TRUE,"2,4",MCI
9444f5534462f962f245cf0d74c27db6,036_S_0656,656,36924,MRI,1,07-07-2006,LMCI,7/27/06,82.5,Male,13,Not Hisp/Latino,White,1,25,TRUE,"3,4",MCI
4016321cf830faf3035349c2b89e8bbc,116_S_0657,657,59739,MRI,1,8/24/06,CN,09-07-2006,77.7,Female,13,Not Hisp/Latino,White,0,29,TRUE,"2,3",CN
4c9ab65da001950ae6cbf7924065d09f,014_S_0658,658,39701,MRI,1,7/25/06,LMCI,08-03-2006,72.1,Male,18,Not Hisp/Latino,White,0,30,TRUE,"3,3",MCI
98b91130299fcf722bbe20dff3bb30b0,098_S_0667,667,89495,MRI,1,6/24/06,LMCI,7/26/06,69,Male,20,Not Hisp/Latino,White,1,28,TRUE,"3,4",MCI
4dec6b8d8e142041e1b8554eb3eaff74,137_S_0668,668,43001,MRI,1,08-07-2006,LMCI,09-05-2006,73.5,Male,12,Not Hisp/Latino,White,0,27,TRUE,"3,3",MCI
51eb611b4d5e883e0d5893d7ce2e1937,137_S_0669,669,43009,MRI,1,7/21/06,LMCI,8/22/06,63.6,Male,13,Not Hisp/Latino,White,1,24,TRUE,"3,4",MCI
3744372c862ae86e672a0deed8033ffd,052_S_0671,671,64161,MRI,1,07-05-2006,LMCI,07-05-2006,61,Female,12,Not Hisp/Latino,White,1,27,TRUE,"3,4",MCI
348e9bc7d233f1ca235e1a3e8faa71f2,036_S_0672,672,36938,MRI,1,7/21/06,CN,08-01-2006,62,Female,12,Not Hisp/Latino,White,0,30,TRUE,"2,3",CN
85b5e39720e36ce00fd941c05cbc6cb9,036_S_0673,673,36949,MRI,1,7/21/06,LMCI,08-01-2006,78.2,Male,16,Not Hisp/Latino,White,2,28,FALSE,"4,4",MCI
e3508bc38f3e3a3d4e777f84a8028482,006_S_0675,675,67341,MRI,1,8/31/06,LMCI,10/18/06,78.8,Female,18,Not Hisp/Latino,White,0,27,TRUE,"3,3",MCI
959111e5ef577ed586d7b9e4c4c33511,032_S_0677,677,37228,MRI,1,6/29/06,CN,7/13/06,70.8,Male,18,Not Hisp/Latino,White,0,28,TRUE,"3,3",CN
dd3443350137d59d2813866e7a3bb743,041_S_0679,679,40046,MRI,1,7/20/06,LMCI,08-04-2006,62.9,Male,18,Not Hisp/Latino,White,0,29,FALSE,"3,3",MCI
849adb6986f49f5ad861ca6647c4393e,126_S_0680,680,38926,MRI,1,07-05-2006,CN,7/20/06,77.8,Male,8,Not Hisp/Latino,White,0,28,TRUE,"2,3",CN
bd8de6dee12371cfcaa448dd673b608a,006_S_0681,681,92305,MRI,1,8/31/06,CN,9/20/06,76.8,Female,19,Not Hisp/Latino,White,1,30,TRUE,"3,4",CN
0e2997038222186c908a25d64c6f0254,018_S_0682,682,35044,MRI,1,07-06-2006,AD,7/25/06,68,Male,16,Not Hisp/Latino,White,1,26,TRUE,"3,4",AD
32e2d501f9177cc02020f393d4b6a86b,127_S_0684,684,34458,MRI,1,7/13/06,CN,08-08-2006,77.4,Female,20,Not Hisp/Latino,Asian,0,29,FALSE,"3,3",CN
7d700a43e372c9dfabd6c2dfdc0edcf8,002_S_0685,685,40683,MRI,1,07-06-2006,CN,7/20/06,89.6,Female,16,Not Hisp/Latino,White,0,30,TRUE,"3,3",CN
05272828ea1a49254979c638520ed30d,012_S_0689,689,92398,MRI,1,07-05-2006,AD,7/19/06,63.6,Male,12,Not Hisp/Latino,White,2,22,TRUE,"4,4",AD
b2e099ddb4806bffc1cc8af6931d7826,062_S_0690,690,50468,MRI,1,7/18/06,AD,7/27/06,79.6,Male,20,Not Hisp/Latino,White,1,25,TRUE,"3,4",AD
a4e56133d723a0231f61d9d0a68cc66a,094_S_0692,692,47295,MRI,1,7/21/06,CN,08-11-2006,76.7,Female,19,Not Hisp/Latino,White,1,29,FALSE,"3,4",CN
2bea26e5fb1a48f2c5d10dab818aca8f,136_S_0695,695,70924,MRI,1,9/18/06,LMCI,9/25/06,74.3,Male,16,Not Hisp/Latino,White,1,25,TRUE,"3,4",MCI
ff1423c0d06cd9d40858cb5fa4e88b6a,141_S_0696,696,82738,MRI,1,8/25/06,AD,09-11-2006,74,Female,12,Not Hisp/Latino,Black,1,25,FALSE,"3,4",AD
640b1416a7e878862b69260601cb4234,007_S_0698,698,36613,MRI,1,07-07-2006,LMCI,8/23/06,74.3,Male,18,Not Hisp/Latino,White,1,29,TRUE,"3,4",MCI
2ab8c4e868ec06bb188dcb24070422be,016_S_0702,702,40781,MRI,1,7/24/06,LMCI,8/23/06,85,Male,16,Not Hisp/Latino,White,1,27,FALSE,"3,4",MCI
b27d6e945f23ba2c5455115d79c52adc,126_S_0709,709,38964,MRI,1,7/26/06,LMCI,08-10-2006,83.8,Male,8,Not Hisp/Latino,White,1,30,TRUE,"3,4",MCI
624e4106d88d9741c16ab90e4e6c5a05,094_S_0711,711,39137,MRI,1,07-10-2006,CN,8/15/06,77.3,Male,18,Not Hisp/Latino,White,0,29,FALSE,"3,3",CN
c08b03b77435ea29c19d1ee35c2620e0,012_S_0712,712,92401,MRI,1,6/29/06,AD,7/21/06,76.6,Male,16,Not Hisp/Latino,White,0,25,FALSE,"3,3",AD
1e1cd0569e9933842c8ee033e837d0e0,141_S_0717,717,98888,MRI,1,8/27/06,CN,9/15/06,76,Male,12,Not Hisp/Latino,White,0,30,TRUE,"3,3",CN
3fb46e686131d21c0e312989875cc20e,032_S_0718,718,36474,MRI,1,07-12-2006,LMCI,8/28/06,80.4,Female,18,Not Hisp/Latino,White,0,27,TRUE,"3,3",MCI
51467c4513c858c41159f519251b736a,012_S_0720,720,92529,MRI,1,08-09-2006,AD,8/23/06,77.4,Female,14,Not Hisp/Latino,White,0,23,TRUE,"3,3",AD
f2d8ae7b81d52d61196c42c6dc46bd18,137_S_0722,722,43022,MRI,1,7/26/06,LMCI,09-01-2006,70.1,Male,12,Not Hisp/Latino,White,0,26,TRUE,"3,3",MCI
1c4cc1ee845498dfb8b8a77433c05027,033_S_0723,723,42384,MRI,1,7/14/06,LMCI,08-02-2006,79.1,Male,12,Not Hisp/Latino,White,0,25,TRUE,"3,3",MCI
7182fbda85354d26212db962477150f4,033_S_0724,724,42400,MRI,1,7/26/06,AD,08-02-2006,78.6,Male,20,Not Hisp/Latino,White,0,21,TRUE,"3,3",AD
2649506890d1df90c91932a08208e228,033_S_0725,725,42409,MRI,1,7/20/06,LMCI,08-02-2006,80.9,Male,20,Not Hisp/Latino,White,1,28,TRUE,"3,4",MCI
8e375611763a1b3246a27071baf03b3f,141_S_0726,726,94824,MRI,1,8/27/06,CN,9/13/06,81,Male,17,Not Hisp/Latino,White,1,28,TRUE,"3,4",CN
546d1dfaa1c085f190aaa367c3e0e866,133_S_0727,727,66356,MRI,1,09-07-2006,LMCI,9/20/06,69.2,Female,12,Not Hisp/Latino,White,2,26,TRUE,"4,4",MCI
c033f6026da1179ab7b5f7e4f5559f59,002_S_0729,729,40708,MRI,1,7/17/06,LMCI,08-02-2006,65.1,Female,16,Not Hisp/Latino,White,1,27,TRUE,"3,4",MCI
4d9608824535617a20587407508d8e5c,062_S_0730,730,50487,MRI,1,7/19/06,AD,7/31/06,70.6,Female,14,Not Hisp/Latino,White,1,23,TRUE,"3,4",AD
6bc7d64209ec2c55a4f497c423e98ea9,006_S_0731,731,90848,MRI,1,8/28/06,CN,09-05-2006,71.5,Male,18,Not Hisp/Latino,White,0,30,TRUE,"3,3",CN
d360c224215cbe6b95c0ee5461fa84a2,033_S_0733,733,42425,MRI,1,7/18/06,AD,7/31/06,57.1,Female,14,Not Hisp/Latino,White,2,23,TRUE,"4,4",AD
b993e7d6e3e72e7e905b73b6297dcf4e,033_S_0734,734,42434,MRI,1,7/18/06,CN,08-04-2006,72.6,Male,18,Not Hisp/Latino,White,0,30,TRUE,"3,3",CN
c44c48e803e227a3f38e897c1ac96299,033_S_0739,739,42441,MRI,1,7/19/06,LMCI,7/31/06,82.8,Male,15,Not Hisp/Latino,White,1,26,TRUE,"3,4",MCI
739e7dee5dd52a00fbebbb5142674ba7,033_S_0741,741,42450,MRI,1,7/19/06,CN,7/31/06,80.3,Female,18,Not Hisp/Latino,White,1,28,TRUE,"3,4",CN
461b685735328c8c9e6823b5725f6fd4,073_S_0746,746,63122,MRI,1,11/30/06,LMCI,1/25/07,73.8,Female,18,Not Hisp/Latino,White,0,30,TRUE,"3,3",MCI
bad8a9030bdb664426055d4250f6df0c,036_S_0748,748,36959,MRI,1,08-10-2006,LMCI,8/28/06,79.6,Male,16,Not Hisp/Latino,White,1,26,TRUE,"3,4",MCI
4a4f779fef186af9c330389524ce9827,022_S_0750,750,59552,MRI,1,08-07-2006,LMCI,8/25/06,75.6,Female,12,Not Hisp/Latino,White,1,27,TRUE,"3,4",MCI
3fb0288abe056d8592b6487587f030bb,009_S_0751,751,101528,MRI,1,7/25/06,CN,8/21/06,70.9,Male,16,Not Hisp/Latino,White,0,27,TRUE,"2,3",CN
9e6a907d7b411d610fddd91f8324a2da,116_S_0752,752,59637,MRI,1,8/16/06,LMCI,8/29/06,82,Female,16,Not Hisp/Latino,White,1,24,TRUE,"3,4",MCI
8a82dbaaf96113e6b394967ef458645a,021_S_0753,753,33461,MRI,1,08-04-2006,AD,09-11-2006,65.5,Male,16,Not Hisp/Latino,White,2,24,TRUE,"4,4",AD
3a7cde318d6b6fcd6a0cfad759f30820,127_S_0754,754,80760,MRI,1,09-05-2006,AD,9/26/06,67.7,Female,14,Not Hisp/Latino,White,1,23,FALSE,"3,4",AD
71b0bdb0e31dbe1203cb883b925aea6e,036_S_0759,759,36969,MRI,1,8/22/06,AD,09-01-2006,81.8,Female,12,Not Hisp/Latino,White,1,22,FALSE,"3,4",AD
c9a38a6b928f67109b2b9e650854b526,036_S_0760,760,38652,MRI,1,8/25/06,AD,9/13/06,69.4,Female,12,Not Hisp/Latino,White,1,25,TRUE,"3,4",AD
1e76a10dd459148e2492fb74ce4b5af9,141_S_0767,767,47306,MRI,1,8/27/06,CN,09-07-2006,73,Female,16,Not Hisp/Latino,White,0,29,TRUE,"3,3",CN
d6930ddbc4d035e599f015e0383588c2,062_S_0768,768,50506,MRI,1,08-02-2006,CN,8/23/06,77.3,Male,14,Not Hisp/Latino,White,1,30,TRUE,"3,4",CN
2715c12fcebeab4a4816f825ca3e23c5,133_S_0771,771,92286,MRI,1,09-05-2006,LMCI,10-04-2006,74.1,Female,19,Not Hisp/Latino,White,0,28,FALSE,"3,3",MCI
1dbd404855d8146e0068bce8c1e99ba0,129_S_0778,778,91135,MRI,1,8/14/06,CN,09-11-2006,72.4,Male,13,Not Hisp/Latino,White,1,28,TRUE,"3,4",CN
0f2f1031e2dd0c6072f7b161cede983c,057_S_0779,779,80629,MRI,1,8/16/06,CN,09-05-2006,79.5,Male,13,Not Hisp/Latino,White,1,28,TRUE,"3,4",CN
191a0bbd239154d73faaee9bd5b9c98e,002_S_0782,782,40717,MRI,1,8/14/06,LMCI,8/23/06,81.6,Male,16,Not Hisp/Latino,White,0,29,FALSE,"3,3",MCI
49780194cfd189f9756b2ef58ce52010,130_S_0783,783,39152,MRI,1,8/17/06,LMCI,8/29/06,79.2,Female,18,Not Hisp/Latino,White,0,29,TRUE,"3,3",MCI
33fddee96605b9bca9ad24b9cf9a2e5d,126_S_0784,784,39005,MRI,1,10-05-2006,AD,10-11-2006,75.8,Female,16,Not Hisp/Latino,White,0,23,TRUE,"3,3",AD
e4d888c5181e85d92c38072ce55dbf35,010_S_0786,786,65597,MRI,1,9/27/06,AD,10/18/06,74.5,Male,19,Not Hisp/Latino,White,0,26,TRUE,"3,3",AD
42a49f5dd5e7a63331675ae53110f73d,141_S_0790,790,91253,MRI,1,09-10-2006,AD,10/20/06,83.3,Female,14,Not Hisp/Latino,White,1,26,FALSE,"3,4",AD
e8f2d4d3328c85ed04742fc4e83f64a1,133_S_0792,792,66373,MRI,1,8/25/06,LMCI,9/25/06,73.5,Male,16,Not Hisp/Latino,White,0,30,TRUE,"3,3",MCI
bd214256a3ad579fe64ee085889d24ba,062_S_0793,793,50524,MRI,1,8/24/06,AD,09-11-2006,68.9,Male,20,Not Hisp/Latino,White,1,26,TRUE,"3,4",AD
18f1b681f6fb8141296b6b5af85334f8,137_S_0796,796,89979,MRI,1,8/21/06,AD,9/27/06,80.3,Male,14,Not Hisp/Latino,White,0,26,TRUE,"3,3",AD
de982e32e15dd8c40453ef44e8557bbe,137_S_0800,800,43035,MRI,1,8/14/06,LMCI,8/30/06,74,Male,12,Not Hisp/Latino,White,2,29,TRUE,"4,4",MCI
2a2440b1f920ed8121959bac9586f36b,012_S_0803,803,59250,MRI,1,9/22/06,AD,10-04-2006,84.7,Female,12,Not Hisp/Latino,White,0,22,TRUE,"3,3",AD
72175a90029ca8db009ef98d22905a9e,141_S_0810,810,47314,MRI,1,10/17/06,CN,11-02-2006,83.3,Male,16,Not Hisp/Latino,White,0,29,TRUE,"3,3",CN
668a710c47bd4ba8db0510cf52decff3,036_S_0813,813,36979,MRI,1,8/25/06,CN,9/13/06,72.7,Male,16,Not Hisp/Latino,White,0,29,TRUE,"3,3",CN
38aa504fa555bc21ccce2691475e9c16,005_S_0814,814,74591,MRI,1,8/30/06,AD,9/27/06,71,Female,16,Not Hisp/Latino,White,1,21,TRUE,"3,4",AD
7698428a2e43d541ffe175c746e49032,002_S_0816,816,40731,MRI,1,8/30/06,AD,09-11-2006,70.8,Male,20,Not Hisp/Latino,White,2,26,TRUE,"4,4",AD
57947880ae6a6d9f1d3280f57f207c3b,057_S_0818,818,121435,MRI,1,09-06-2006,CN,9/27/06,74,Female,10,Not Hisp/Latino,White,0,29,TRUE,"3,3",CN
990405411cb005e8af0431395a24660c,029_S_0824,824,96284,MRI,1,8/22/06,CN,9/13/06,76.2,Female,13,Not Hisp/Latino,White,0,30,TRUE,"3,3",CN
dc1ddb6cbc00ad1c40fc11b7b36d2680,137_S_0825,825,43048,MRI,1,9/28/06,LMCI,10/26/06,87,Male,12,Not Hisp/Latino,White,0,28,TRUE,"3,3",MCI
7fa6e25ba1a236b4ca2822df13dc7496,010_S_0829,829,63349,MRI,1,02-08-2007,AD,2/27/07,64.9,Female,15,Not Hisp/Latino,White,2,24,TRUE,"4,4",AD
5fe4d558e8f9eabe5ecc8417596ac1b2,031_S_0830,830,79342,MRI,1,9/13/06,LMCI,9/21/06,70.8,Male,16,Not Hisp/Latino,White,1,29,TRUE,"3,4",MCI
890be0473bfe92db651ea68dce085c7b,116_S_0834,834,59798,MRI,1,9/29/06,LMCI,10/17/06,63.9,Male,13,Not Hisp/Latino,White,1,26,TRUE,"3,4",MCI
e941696bde9a26cfb83bd77b773d17a6,027_S_0835,835,35666,MRI,1,09-11-2006,LMCI,9/15/06,72.7,Male,14,Not Hisp/Latino,White,1,26,TRUE,"3,4",MCI
83596dc79ae93772f0c1f85be5ef2c00,029_S_0836,836,65013,MRI,1,8/23/06,AD,09-07-2006,83.1,Male,16,Not Hisp/Latino,White,1,26,TRUE,"3,4",AD
c6c45540eb5d092882aaeb8c17634ff2,057_S_0839,839,38670,MRI,1,9/20/06,LMCI,10-06-2006,79.4,Female,9,Not Hisp/Latino,White,0,26,TRUE,"2,3",MCI
8fc32c8240a07b3f18fac0aefa4dc697,009_S_0842,842,89575,MRI,1,09-07-2006,CN,10-09-2006,73.6,Male,18,Not Hisp/Latino,White,1,28,FALSE,"3,4",CN
eba10a01e7c572acc314557a566b61f4,029_S_0843,843,66997,MRI,1,9/13/06,CN,11/16/06,70.5,Male,16,Not Hisp/Latino,White,0,28,FALSE,"3,3",CN
6c32ac892c403e4bcecff88eefa2261e,127_S_0844,844,34471,MRI,1,10-09-2006,AD,11-09-2006,85.3,Female,12,Not Hisp/Latino,White,0,22,FALSE,"3,3",AD
db979f2638b533e6e02b515c83698afd,029_S_0845,845,64867,MRI,1,09-12-2006,CN,9/21/06,80.3,Male,16,Not Hisp/Latino,White,1,28,FALSE,"3,4",CN
1daf6bc57d97a59a604727179d85b829,027_S_0850,850,48996,MRI,1,09-06-2006,AD,9/20/06,78.1,Male,16,Not Hisp/Latino,White,1,22,TRUE,"3,4",AD
17dac708533b203ab445830ac4861301,141_S_0851,851,47870,MRI,1,9/26/06,LMCI,10-11-2006,72.5,Female,12,Not Hisp/Latino,White,1,25,TRUE,"3,4",MCI
e90822562283a4a37fc72170def8e3ab,141_S_0852,852,47744,MRI,1,9/25/06,AD,10-11-2006,84.3,Female,18,Not Hisp/Latino,White,1,24,TRUE,"3,4",AD
8b96ac0c8c587c40c34db7a4741c4b26,141_S_0853,853,112292,MRI,1,8/27/06,AD,09-09-2006,86.8,Male,16,Not Hisp/Latino,White,2,26,TRUE,"4,4",AD
177e7566e76052958e5c5e7c84010bc5,023_S_0855,855,31509,MRI,1,09-05-2006,LMCI,9/19/06,75.6,Male,12,Not Hisp/Latino,White,0,25,TRUE,"3,3",MCI
697ca7871b853a4920a61d81492c1409,011_S_0856,856,89408,MRI,1,9/15/06,LMCI,9/29/06,60.3,Male,13,Not Hisp/Latino,White,1,27,TRUE,"3,4",MCI
8dc376bda4add8b87136ff153df1bdee,013_S_0860,860,51533,MRI,1,9/21/06,LMCI,10-04-2006,85.2,Male,16,Not Hisp/Latino,White,0,29,TRUE,"3,3",MCI
544de1511aff5cc3204820002e13efbd,011_S_0861,861,35513,MRI,1,9/27/06,LMCI,10-04-2006,87.1,Male,16,Not Hisp/Latino,White,2,24,TRUE,"4,4",MCI
bc5c1183b71a7aa7bafc684718167f85,009_S_0862,862,121228,MRI,1,9/19/06,CN,10-04-2006,73.4,Female,12,Not Hisp/Latino,White,1,30,TRUE,"3,4",CN
300be5f53e9659a867b2ff48c0b15cb5,128_S_0863,863,98875,MRI,1,9/25/06,CN,10-11-2006,79.1,Male,15,Not Hisp/Latino,White,0,26,TRUE,"3,3",CN
d6f9b76d5ee855e03a9a62e3c68ce3f2,126_S_0865,865,39028,MRI,1,11-06-2006,LMCI,11/21/06,73.5,Male,10,Not Hisp/Latino,White,1,27,TRUE,"3,4",MCI
eacefc213a06d5c82344abab7d68a88d,029_S_0866,866,65611,MRI,1,9/13/06,CN,10-05-2006,80,Female,13,Not Hisp/Latino,White,0,28,FALSE,"2,3",CN
35d25e59a75a55f8e38fad0a832e20dd,031_S_0867,867,67423,MRI,1,9/20/06,LMCI,10-03-2006,71.8,Male,16,Not Hisp/Latino,White,0,30,TRUE,"3,3",MCI
2fc15ee6c89e1c72394ef5ec6903c45d,036_S_0869,869,36993,MRI,1,10/30/06,LMCI,11/13/06,82.9,Female,16,Not Hisp/Latino,White,1,26,TRUE,"3,4",MCI
0ad3c06db230af3bf0f180cd30943162,068_S_0872,872,140335,MRI,1,10/24/06,LMCI,10/26/06,69.6,Male,17,Not Hisp/Latino,White,0,25,FALSE,"3,3",MCI
12d6d7ca8dfc2cfbb2c23cda6792dc0a,136_S_0873,873,96178,MRI,1,10-02-2006,LMCI,10/17/06,78.1,Female,14,Not Hisp/Latino,White,1,25,TRUE,"3,4",MCI
6488d7b8dc9f5e4201d2a19fe35a5386,136_S_0874,874,40419,MRI,1,11-06-2006,LMCI,11/27/06,66.1,Female,16,Not Hisp/Latino,White,2,25,TRUE,"4,4",MCI
cd06fc01c9c3d04e2f19cb4a2de271b0,029_S_0878,878,64876,MRI,1,9/15/06,LMCI,10/19/06,72.3,Male,14,Not Hisp/Latino,Asian,1,26,FALSE,"3,4",MCI
a3c3b91a5c6e6b5c98aed5543c3ba595,099_S_0880,880,68581,MRI,1,10-05-2006,LMCI,10/18/06,84.2,Male,13,Not Hisp/Latino,White,0,25,FALSE,"3,3",MCI
67fde53e5386c40f86b3e2eb6bff99f4,020_S_0883,883,60673,MRI,1,9/15/06,CN,10/24/06,76.1,Female,16,Not Hisp/Latino,White,1,29,TRUE,"3,4",CN
b088cf53826e9fe4ff73dc0ede1c2a84,130_S_0886,886,39171,MRI,1,9/29/06,CN,10-06-2006,71.3,Female,15,Not Hisp/Latino,White,0,28,TRUE,"2,3",CN
6b9103e0c2fc078bf285fa2e3966e9dc,023_S_0887,887,31526,MRI,1,9/20/06,LMCI,10-06-2006,73.7,Female,8,Not Hisp/Latino,White,1,24,TRUE,"3,4",MCI
4827e83279bba122f9a81ae9758922ec,033_S_0889,889,51629,MRI,1,9/25/06,AD,10-09-2006,72.5,Female,16,Not Hisp/Latino,White,1,26,TRUE,"2,4",AD
d80e4883e2efdace98ea6cc81da84d1b,126_S_0891,891,39054,MRI,1,9/25/06,AD,10-12-2006,79.3,Female,12,Not Hisp/Latino,White,1,22,TRUE,"3,4",AD
753c78f0620dcdd66e8259d37a9b8f5c,098_S_0896,896,56031,MRI,1,9/25/06,CN,10/31/06,76.8,Male,16,Not Hisp/Latino,White,0,30,FALSE,"3,3",CN
d8c545acf47e7c42cdf288fefd153c4a,041_S_0898,898,34698,MRI,1,10/18/06,CN,11-06-2006,83.1,Female,12,Not Hisp/Latino,White,0,29,TRUE,"3,3",CN
cee2ed208fd85fd24ff6d4257ab8993c,020_S_0899,899,60618,MRI,1,9/25/06,CN,10/26/06,80.1,Female,16,Not Hisp/Latino,White,0,30,TRUE,"3,3",CN
a2d598b8e9d1cb87346b80ecd046604e,010_S_0904,904,63357,MRI,1,12-07-2006,LMCI,12/19/06,84.1,Male,16,Not Hisp/Latino,White,0,24,TRUE,"3,3",MCI
4e76090e3ffbabd8e7881c2adffc67c7,033_S_0906,906,42468,MRI,1,9/25/06,LMCI,10-11-2006,65.3,Female,12,Not Hisp/Latino,White,1,25,TRUE,"3,4",MCI
7e989302dedfbacbd30951585741d7ba,003_S_0907,907,52781,MRI,1,09-11-2006,CN,10/16/06,88.6,Female,20,Not Hisp/Latino,White,0,30,FALSE,"3,3",CN
42033910872f4975a4dd60976bcb371a,003_S_0908,908,62589,MRI,1,09-12-2006,LMCI,10-12-2006,62.9,Female,16,Not Hisp/Latino,White,0,29,FALSE,"2,3",MCI
aa5aee64830251ea9d9415d2650f45a6,073_S_0909,909,75485,MRI,1,10-02-2006,LMCI,11/27/06,69.1,Female,18,Not Hisp/Latino,Asian,1,27,FALSE,"3,4",MCI
376a1f24e2bfe7b3db83a7671e071210,133_S_0912,912,40000,MRI,1,10-09-2006,LMCI,10/23/06,73.9,Female,18,Not Hisp/Latino,Black,1,29,FALSE,"3,4",MCI
415e721c192cdafc9b1e6be30eaa5ed4,133_S_0913,913,63819,MRI,1,12/27/06,LMCI,1/18/07,56.6,Female,15,Not Hisp/Latino,White,0,26,FALSE,"3,3",MCI
109fe529e3d1f7b502228603857b1e3c,029_S_0914,914,124879,MRI,1,12/18/06,LMCI,01-03-2007,74.4,Male,12,Not Hisp/Latino,White,1,30,FALSE,"3,4",MCI
b150aaa5a0f8ac0c101db170093911dc,141_S_0915,915,48563,MRI,1,11/19/06,LMCI,10/31/06,80.6,Female,14,Not Hisp/Latino,White,1,26,FALSE,"3,4",MCI
064e787e728d69ebb282305cc150aa5f,023_S_0916,916,31533,MRI,1,9/22/06,AD,9/26/06,79.7,Male,16,Not Hisp/Latino,White,2,21,FALSE,"4,4",AD
37fb3790019f18d49bf8c91dca84f28d,053_S_0919,919,65689,MRI,1,10/16/06,LMCI,10/30/06,62.4,Male,18,Not Hisp/Latino,White,1,27,TRUE,"2,4",MCI
9cd1f789b47ecb56c4c12d668e96eb17,033_S_0920,920,42481,MRI,1,9/22/06,CN,10-11-2006,80,Female,12,Not Hisp/Latino,White,1,30,TRUE,"3,4",CN
8e3f79c75189702313ea21de877befc0,094_S_0921,921,49510,MRI,1,10-02-2006,LMCI,10-12-2006,71.4,Male,19,Not Hisp/Latino,White,1,26,FALSE,"3,4",MCI
483552c5018d268c45839de150dd9837,033_S_0922,922,42493,MRI,1,9/26/06,LMCI,10/13/06,68.1,Male,12,Not Hisp/Latino,White,1,26,TRUE,"3,4",MCI
e825a961bb84d3f411fbe86e9d9ff173,033_S_0923,923,42509,MRI,1,9/29/06,CN,10/13/06,83.1,Male,14,Not Hisp/Latino,White,0,30,TRUE,"3,3",CN
faeb9dfe19802521f86d7e12d065f762,127_S_0925,925,67266,MRI,1,10/30/06,LMCI,11/17/06,74.4,Male,12,Not Hisp/Latino,White,0,29,FALSE,"3,3",MCI
2031c0ba5e3cb1360ccf7a990e559b18,023_S_0926,926,31547,MRI,1,9/27/06,CN,10/16/06,71.4,Female,16,Not Hisp/Latino,White,0,29,TRUE,"3,3",CN
982b5f23e7543256a2108a9d83daad03,082_S_0928,928,39805,MRI,1,9/29/06,LMCI,10/16/06,82.8,Female,20,Not Hisp/Latino,White,0,27,TRUE,"3,3",MCI
f568178c5206203a88c4d3a9bb668db5,012_S_0932,932,59255,MRI,1,9/20/06,LMCI,11-03-2006,75.3,Male,16,Not Hisp/Latino,White,0,27,TRUE,"3,3",MCI
8f05fecff8644b87b5ffa564066766d1,057_S_0934,934,34734,MRI,1,10-04-2006,CN,10/25/06,70,Female,10,Not Hisp/Latino,White,0,28,FALSE,"3,3",CN
e904d1a697c41ceba9d10273d8bae603,002_S_0938,938,40980,MRI,1,10-05-2006,AD,10/17/06,82.2,Female,16,Not Hisp/Latino,White,0,23,TRUE,"3,3",AD
b1d732d6b46081714f0edb191bc3c640,057_S_0941,941,34747,MRI,1,10-11-2006,LMCI,10/25/06,73.3,Female,14,Not Hisp/Latino,White,2,25,FALSE,"4,4",MCI
9fea5c1e6f0c034f085832f20bc5d2ad,036_S_0945,945,36999,MRI,1,10/25/06,LMCI,11-08-2006,72.4,Male,12,Not Hisp/Latino,White,0,25,TRUE,"3,3",MCI
128866cedcc034714fb2221b470b761c,128_S_0947,947,69073,MRI,1,10-06-2006,LMCI,10/27/06,82.6,Female,13,Not Hisp/Latino,White,1,25,FALSE,"3,4",MCI
4a32194a34ca4ee3750c09465366fe6a,109_S_0950,950,97200,MRI,1,10/25/06,LMCI,12-12-2006,73.5,Male,17,Not Hisp/Latino,Black,0,26,FALSE,"3,3",MCI
3cdb83fe3df3af2152b95fcc5ffbec51,052_S_0951,951,64170,MRI,1,10/19/06,CN,10/30/06,84.8,Male,18,Not Hisp/Latino,White,0,28,TRUE,"3,3",CN
5eaee3171db0ea33518ca92866a43d87,052_S_0952,952,89952,MRI,1,10/19/06,LMCI,10/30/06,81.7,Female,13,Not Hisp/Latino,White,1,26,TRUE,"2,4",MCI
77687deefa2636dca0175b00ecf2f1cd,002_S_0954,954,40744,MRI,1,10-10-2006,LMCI,11/16/06,69.3,Female,14,Not Hisp/Latino,White,1,25,TRUE,"3,4",MCI
d6503f970de7044bc485ea770ad9503f,130_S_0956,956,39185,MRI,1,10/20/06,AD,10/24/06,63.8,Female,7,Not Hisp/Latino,Black,0,23,FALSE,"3,3",AD
aa2df22b2c04a9a12d8b15ab14b48e30,022_S_0961,961,59601,MRI,1,10/20/06,LMCI,10/31/06,72.8,Male,16,Not Hisp/Latino,White,1,26,TRUE,"3,4",MCI
e0b555863c005294d39f164b2c6f6bb2,023_S_0963,963,89417,MRI,1,10-04-2006,CN,10/17/06,72.6,Male,16,Not Hisp/Latino,White,1,30,TRUE,"3,4",CN
9f44e74394061690e6959c99f4d9639a,109_S_0967,967,55044,MRI,1,10/23/06,CN,12-12-2006,76.8,Male,20,Not Hisp/Latino,Black,0,30,FALSE,"2,2",CN
e31784551dae9a97ee3928043bd5cb3a,130_S_0969,969,39275,MRI,1,10/18/06,CN,11-03-2006,70,Male,18,Not Hisp/Latino,White,0,29,FALSE,"3,3",CN
e180c4edf7bb3e64608b0dda6c3b41fe,137_S_0972,972,45933,MRI,1,12-04-2006,CN,12/14/06,77.9,Male,16,Not Hisp/Latino,White,1,30,TRUE,"3,4",CN
1344e21f0fb2fd79c9f3b68c61188360,036_S_0976,976,65091,MRI,1,12-12-2006,LMCI,01-09-2007,80.5,Male,15,Not Hisp/Latino,White,0,27,TRUE,"2,3",MCI
98e7c31c409064a267a87a17608d848b,032_S_0978,978,37238,MRI,1,10/16/06,LMCI,11-02-2006,73.1,Male,12,Not Hisp/Latino,White,1,29,TRUE,"3,4",MCI
2d485990806e3f592c66acf7fe48cf47,114_S_0979,979,39859,MRI,1,11-01-2006,AD,11/17/06,86.2,Male,18,Not Hisp/Latino,White,1,21,TRUE,"3,4",AD
3846b7ef0c12977484c2e90beb67010f,003_S_0981,981,52776,MRI,1,10/19/06,CN,10/30/06,84.3,Female,16,Not Hisp/Latino,White,0,29,FALSE,"3,3",CN
ab27abe6a1c8a9df88ada4e4c61082f0,141_S_0982,982,47703,MRI,1,11/15/06,LMCI,11-06-2006,80.2,Female,16,Not Hisp/Latino,White,0,26,FALSE,"3,3",MCI
eb0bef4fdf775cf3ea9bf31da98faf58,024_S_0985,985,62715,MRI,1,10/20/06,CN,11-03-2006,81.6,Male,14,Not Hisp/Latino,White,1,30,TRUE,"2,4",CN
ea30fddfbefcde6c432d5c354ef0bba4,132_S_0987,987,83166,MRI,1,3/21/07,LMCI,04-05-2007,79.1,Female,18,Not Hisp/Latino,White,2,24,FALSE,"4,4",MCI
a0bd57fe84c46aebf1eebddf1f43038a,016_S_0991,991,40794,MRI,1,11-01-2006,AD,11/21/06,86.3,Female,10,Not Hisp/Latino,White,0,21,TRUE,"2,3",AD
c3601d5eb41b8fb6e3120508f0908e7f,137_S_0994,994,45943,MRI,1,11-01-2006,LMCI,12-06-2006,55.1,Female,18,Not Hisp/Latino,White,1,27,TRUE,"3,4",MCI
8542f87384929e21e17cf398972b806b,100_S_0995,995,138912,MRI,1,10/27/06,AD,11/13/06,78.5,Female,12,Not Hisp/Latino,White,1,26,TRUE,"3,4",AD
fc2e660097488329977f1ca08229abff,035_S_0997,997,62908,MRI,1,11/29/06,LMCI,01-04-2007,80.4,Female,20,Not Hisp/Latino,White,0,24,TRUE,"3,3",MCI
e1784179bfe3733e346fb4835cb064a0,029_S_0999,999,64898,MRI,1,11/30/06,AD,12/21/06,70.8,Male,12,Not Hisp/Latino,White,0,25,TRUE,"3,3",AD
091b98d33e3918c7800a9781ee7b0f63,036_S_1001,1001,38661,MRI,1,11/20/06,AD,11/29/06,69.3,Male,14,Not Hisp/Latino,Black,1,22,FALSE,"3,4",AD
5955ea706d47d63b0b4bf99851cf624f,041_S_1002,1002,65220,MRI,1,12-08-2006,CN,12-12-2006,76.3,Female,18,Not Hisp/Latino,White,0,30,TRUE,"3,3",CN
0d868944dbaff5e0cb8f3118630189a4,141_S_1004,1004,95705,MRI,1,12-02-2006,LMCI,11-10-2006,73.9,Female,12,Not Hisp/Latino,White,1,27,TRUE,"3,4",MCI
ed8da6a3cb273341a16224a212be68fd,057_S_1007,1007,47765,MRI,1,10/25/06,LMCI,11/14/06,72.3,Male,17,Not Hisp/Latino,White,0,30,TRUE,"3,3",MCI
8922d91d8bb7ad4ab90d3a8907478374,012_S_1009,1009,64717,MRI,1,11-01-2006,CN,11/30/06,75.8,Male,16,Not Hisp/Latino,White,2,28,TRUE,"4,4",CN
12d8dfeb06a5f2a3139cc1c390f64449,041_S_1010,1010,65230,MRI,1,12-12-2006,LMCI,12/15/06,74.2,Male,20,Not Hisp/Latino,White,1,26,TRUE,"3,4",MCI
ef44b9e3ce03bbbb34b3670ad91d4974,109_S_1014,1014,63479,MRI,1,12/28/06,CN,02-01-2007,84.7,Female,15,Not Hisp/Latino,Black,0,30,FALSE,"3,3",CN
567a82695feb22e390cd2c9d36c055a7,033_S_1016,1016,42772,MRI,1,11-01-2006,CN,11/13/06,78.3,Female,13,Not Hisp/Latino,White,0,29,TRUE,"3,3",CN
193cf9befd1293da68926fb7107469f9,002_S_1018,1018,40817,MRI,1,11/29/06,AD,12/14/06,70.7,Female,13,Not Hisp/Latino,White,0,26,TRUE,"3,3",AD
015d15a9361d5a68adb92d9281cf6557,036_S_1023,1023,65104,MRI,1,12/20/06,CN,01-05-2007,77.1,Female,18,Not Hisp/Latino,White,1,27,TRUE,"3,4",CN
7de946ddd27e5fe20e72fc0c00ebd4fa,094_S_1027,1027,49527,MRI,1,10/26/06,AD,11/14/06,69.1,Female,12,Not Hisp/Latino,White,2,25,FALSE,"4,4",AD
4c38f5b5523467ce2cab128cfaf0a991,016_S_1028,1028,40799,MRI,1,11-02-2006,LMCI,11/29/06,76.9,Female,7,Hisp/Latino,White,1,25,TRUE,"3,4",MCI
4f4a9dd9bc510149fa04eb290e72666c,009_S_1030,1030,54651,MRI,1,11-01-2006,LMCI,11/13/06,67.4,Male,20,Not Hisp/Latino,White,0,28,TRUE,"3,3",MCI
7943bc4906683fc68e13f4e38e8134e1,127_S_1032,1032,63632,MRI,1,11-08-2006,LMCI,12/14/06,84.7,Male,18,Not Hisp/Latino,White,1,27,FALSE,"3,4",MCI
10b8da01d769c8dc1140972b826160eb,012_S_1033,1033,59219,MRI,1,11/16/06,LMCI,12-01-2006,73.3,Female,18,Not Hisp/Latino,White,1,28,TRUE,"3,4",MCI
f7043d859098da04a84ebc4d41f50cca,099_S_1034,1034,47953,MRI,1,11-02-2006,LMCI,11/14/06,75.1,Male,18,Not Hisp/Latino,White,0,26,TRUE,"2,3",MCI
4f7264fd4dda724ea7bb16ddaa792baa,013_S_1035,1035,51165,MRI,1,11-02-2006,CN,11/15/06,87.2,Male,20,Not Hisp/Latino,White,1,30,TRUE,"3,4",CN
2b33136e79ffa09b658e55fa7440070d,051_S_1040,1040,58038,MRI,1,10/31/06,LMCI,11-02-2006,71.4,Male,11,Not Hisp/Latino,White,0,29,FALSE,"3,3",MCI
885a8003a39878dab23aa8d98c1ea71c,128_S_1043,1043,69091,MRI,1,11/15/06,LMCI,12/14/06,68.5,Male,16,Hisp/Latino,White,0,25,FALSE,"3,3",MCI
e46901fc28c77c75fbc0dbd84208fa64,053_S_1044,1044,64203,MRI,1,10/26/06,AD,11/20/06,65.6,Male,13,Not Hisp/Latino,White,1,25,TRUE,"3,4",AD
ed917ccc16da247fa2f454a749108403,027_S_1045,1045,47210,MRI,1,11-03-2006,LMCI,11/17/06,82.6,Female,14,Not Hisp/Latino,White,0,26,TRUE,"3,3",MCI
aa7697d5b4a415dc336281f1f6ed9cdc,023_S_1046,1046,46396,MRI,1,11-06-2006,LMCI,11/16/06,71.6,Male,20,Not Hisp/Latino,White,1,25,TRUE,"3,4",MCI
7ca080d3326e2a77bbdce5cd9863a8e2,141_S_1052,1052,47722,MRI,1,11/26/06,LMCI,11/30/06,69,Female,8,Not Hisp/Latino,White,1,26,TRUE,"3,4",MCI
a2840e9289715025697198ed27599abc,052_S_1054,1054,62234,MRI,1,11/28/06,LMCI,12-07-2006,69.9,Male,10,Not Hisp/Latino,White,1,30,TRUE,"3,4",MCI
8981fb573c2f67cdbc231658cd2c85d4,029_S_1056,1056,60741,MRI,1,11/27/06,AD,12/13/06,71.1,Female,13,Not Hisp/Latino,White,0,23,FALSE,"3,3",AD
d9094e8a0c9e95256ab71a8f9442f345,003_S_1057,1057,52821,MRI,1,12-04-2006,LMCI,02-09-2007,61.2,Female,18,Not Hisp/Latino,Black,2,26,FALSE,"4,4",MCI
549132b1cb578c4e0d4efe4d745aa6cc,024_S_1063,1063,63392,MRI,1,10/31/06,CN,11/16/06,78.4,Female,19,Not Hisp/Latino,Black,1,29,FALSE,"3,4",CN
c437571c111ba40b188c788a1b1dbf6e,031_S_1066,1066,67434,MRI,1,11-10-2006,LMCI,12-04-2006,72.4,Male,13,Not Hisp/Latino,White,2,29,TRUE,"4,4",MCI
8bac6600267a11c689b2c596e7d66156,002_S_1070,1070,40831,MRI,1,11/28/06,LMCI,12-11-2006,73.6,Male,14,Not Hisp/Latino,White,0,25,TRUE,"3,3",MCI
dc3eb4ed28879f533ed8c6f05f1e7935,051_S_1072,1072,58011,MRI,1,11/24/06,LMCI,12/20/06,59.8,Female,13,Not Hisp/Latino,White,0,30,FALSE,"3,3",MCI
45103d1a575eb7c64a2cbf7a2d72fd10,029_S_1073,1073,65022,MRI,1,11/21/06,LMCI,12-07-2006,65.7,Female,18,Not Hisp/Latino,White,1,27,FALSE,"3,4",MCI
0965c2106e04891f102de75988e3ced5,037_S_1078,1078,79838,MRI,1,11/29/06,LMCI,12/22/06,70.6,Male,16,Not Hisp/Latino,White,2,27,TRUE,"4,4",MCI
1f44f64f05f8a549ea1c1ee50c474fdc,011_S_1080,1080,35591,MRI,1,11/22/06,LMCI,12-06-2006,81.4,Male,19,Not Hisp/Latino,White,0,28,TRUE,"3,3",MCI
1d0bbaca5b0d3ed03ce21ae849a1f811,027_S_1081,1081,47168,MRI,1,1/22/07,AD,02-05-2007,84.5,Male,20,Not Hisp/Latino,White,1,23,TRUE,"3,4",AD
0b38a8d0790cec06de91379a82625b7f,033_S_1086,1086,42785,MRI,1,12-06-2006,CN,12/13/06,81.4,Male,20,Not Hisp/Latino,White,1,29,TRUE,"3,4",CN
6ace2c48116783f0b8c17b967c370ac0,128_S_1088,1088,69104,MRI,1,12-07-2006,LMCI,01-05-2007,87.9,Male,18,Not Hisp/Latino,Asian,0,24,FALSE,"3,3",MCI
e05e4cb9aed51895658c6948062900c8,094_S_1090,1090,63176,MRI,1,12-04-2006,AD,12-11-2006,71.3,Male,16,Not Hisp/Latino,White,2,24,FALSE,"4,4",AD
ee2e56cd92902e1ddfd9882abb6e934f,141_S_1094,1094,47732,MRI,1,11/21/06,CN,12/15/06,76,Male,20,Not Hisp/Latino,White,0,30,TRUE,"3,3",CN
85c338e482a2759176aed88c410faf5a,014_S_1095,1095,45740,MRI,1,12-03-2006,AD,12-12-2006,80.3,Female,12,Not Hisp/Latino,White,1,25,TRUE,"3,4",AD
810522de8e81d5708ec54ef36938a371,033_S_1098,1098,42832,MRI,1,11/21/06,CN,12-04-2006,72,Female,15,Not Hisp/Latino,White,1,29,FALSE,"3,4",CN
ff8708540c6e3a5bd6bc2a192af66f06,062_S_1099,1099,50557,MRI,1,11/20/06,CN,12-04-2006,79.2,Female,15,Not Hisp/Latino,Black,1,29,FALSE,"2,4",CN
bfc520c57cc9849d8209080e44003e1e,032_S_1101,1101,63442,MRI,1,11/21/06,AD,12-04-2006,70.9,Female,12,Not Hisp/Latino,White,1,26,TRUE,"3,4",AD
0350d8834610a31f389602044fadcc94,114_S_1103,1103,49757,MRI,1,11/29/06,LMCI,12-08-2006,83,Male,18,Not Hisp/Latino,White,0,27,TRUE,"3,3",MCI
9a26afcbdff8e2247d8bd150f241beb5,114_S_1106,1106,49910,MRI,1,11/21/06,LMCI,12-12-2006,74,Female,18,Not Hisp/Latino,White,0,30,TRUE,"3,3",MCI
6635810616bcda2c2a7f63e1d241e83c,021_S_1109,1109,62695,MRI,1,12-05-2006,AD,01-10-2007,77.8,Female,17,Not Hisp/Latino,White,1,21,TRUE,"3,4",AD
6534981ae3d8b4d4acbdd2513231ef90,109_S_1114,1114,63489,MRI,1,12/27/06,LMCI,01-10-2007,78.3,Female,12,Not Hisp/Latino,Black,0,28,FALSE,"3,3",MCI
1ddd73d6032cfe7f8282a66fc81a980b,033_S_1116,1116,42844,MRI,1,11/21/06,LMCI,12-04-2006,83.4,Male,18,Not Hisp/Latino,White,2,27,TRUE,"4,4",MCI
854ebdaec732e67ad63a56a452563e00,016_S_1117,1117,46384,MRI,1,12-01-2006,LMCI,12-11-2006,68.9,Female,18,Hisp/Latino,White,0,26,TRUE,"3,3",MCI
d1961bf0e3597471f8febccb63239eb3,114_S_1118,1118,49768,MRI,1,12-08-2006,LMCI,12/19/06,82.5,Male,12,Not Hisp/Latino,White,0,27,TRUE,"3,3",MCI
477c03d7f1c0ff5f1e55093f945051ed,082_S_1119,1119,63147,MRI,1,12-07-2006,LMCI,12/14/06,76.4,Male,18,Not Hisp/Latino,White,0,29,TRUE,"3,3",MCI
ed40fe876e641eea2bf665d64b166ae1,013_S_1120,1120,51494,MRI,1,11/22/06,LMCI,11/28/06,77.9,Female,20,Not Hisp/Latino,White,0,29,TRUE,"3,3",MCI
3ef0dd85a37e4e1a01549f5b3da823b8,016_S_1121,1121,96234,MRI,1,12-06-2006,LMCI,12/28/06,56.2,Female,18,Hisp/Latino,White,0,24,FALSE,"3,3",MCI
3cb62964c907d3a51d87d0015ae305f1,003_S_1122,1122,52799,MRI,1,12-06-2006,LMCI,01-12-2007,76.6,Female,14,Hisp/Latino,White,0,28,FALSE,"3,3",MCI
22813d4a96b3de6d86187ef2f121c0ea,051_S_1123,1123,58043,MRI,1,12/15/06,CN,02-06-2007,75.8,Female,16,Not Hisp/Latino,White,1,30,FALSE,"3,4",CN
51bdc691d94ef3971710179817a387b1,023_S_1126,1126,128366,MRI,1,12-05-2006,LMCI,12/14/06,80,Male,18,Not Hisp/Latino,White,0,26,,"3,3",MCI
e82c08c20f99ed75dcc4fbf3470e5246,006_S_1130,1130,55972,MRI,1,11/30/06,LMCI,01-04-2007,71.1,Female,18,Not Hisp/Latino,White,1,29,TRUE,"3,4",MCI
97d352e997346f482a7b0f7a46e36a60,051_S_1131,1131,62943,MRI,1,12/15/06,LMCI,1/18/07,86.4,Male,7,Not Hisp/Latino,White,0,25,FALSE,"3,3",MCI
093cce55a68fa5d3a45098d0e4dab966,012_S_1133,1133,59224,MRI,1,01-12-2007,CN,1/29/07,79.9,Female,20,Not Hisp/Latino,White,0,30,TRUE,"3,3",CN
4bd32140451c79be6d9fc07cebfb52f9,036_S_1135,1135,65109,MRI,1,12/27/06,LMCI,1/15/07,75.6,Male,14,Not Hisp/Latino,White,1,27,TRUE,"3,4",MCI
4d6ab40011b0efc0276a2a0d66126769,141_S_1137,1137,48581,MRI,1,12/19/06,AD,12/29/06,81.5,Female,18,Not Hisp/Latino,White,0,24,FALSE,"3,3",AD
e90705b735e0e30813858be932d8d194,127_S_1140,1140,63637,MRI,1,12/14/06,LMCI,01-09-2007,84.4,Male,18,Not Hisp/Latino,Asian,0,25,FALSE,"3,3",MCI
e41e2f6da0ef1ea3ec8a779f53162cbc,099_S_1144,1144,102040,MRI,1,12/19/06,AD,12/26/06,77.4,Male,13,Not Hisp/Latino,White,1,21,TRUE,"3,4",AD
93ddaa3de34f2c787346a94ec9cdc543,128_S_1148,1148,69113,MRI,1,12/18/06,LMCI,1/17/07,69.7,Female,14,Not Hisp/Latino,White,2,25,TRUE,"4,4",MCI
7e264959b1ce0b20bba9d09894731674,141_S_1152,1152,48590,MRI,1,12/26/06,AD,01-08-2007,71.4,Female,8,Not Hisp/Latino,White,1,23,TRUE,"3,4",AD
e8ea4b4830bb12ed574bd810670cf60e,002_S_1155,1155,40845,MRI,1,12/14/06,LMCI,01-04-2007,57.8,Male,20,Not Hisp/Latino,White,0,28,FALSE,"3,3",MCI
40b57fc61cded282d95507fd13134a41,109_S_1157,1157,66158,MRI,1,01-03-2007,AD,01-11-2007,84.9,Female,12,Not Hisp/Latino,Black,1,21,FALSE,"3,4",AD
e15275463e6c5f56cc123afac2ca51f9,094_S_1164,1164,67223,MRI,1,12-11-2006,AD,12/21/06,69.5,Female,16,Not Hisp/Latino,White,0,21,FALSE,"2,3",AD
34a885162946686eed3ad6e417874e62,012_S_1165,1165,59229,MRI,1,12/28/06,LMCI,1/17/07,81.4,Male,19,Not Hisp/Latino,White,1,28,TRUE,"3,4",MCI
ff473c7cfce45564ac1e789f9f2b57c8,052_S_1168,1168,65667,MRI,1,12-08-2006,LMCI,12/14/06,81.2,Female,16,Not Hisp/Latino,White,0,29,FALSE,"3,3",MCI
36754f59aa95ae3a897358a8233a5ef1,032_S_1169,1169,65052,MRI,1,12/21/06,CN,01-05-2007,72.2,Female,18,Not Hisp/Latino,White,0,30,TRUE,"3,3",CN
f410d6440a550782a39c63403124c3f6,133_S_1170,1170,89957,MRI,1,12/29/06,AD,1/16/07,72.9,Male,13,Not Hisp/Latino,White,1,23,TRUE,"3,4",AD
029f5121f109edfafa48e434f9de00df,024_S_1171,1171,63406,MRI,1,01-04-2007,AD,01-12-2007,71.5,Male,12,Not Hisp/Latino,White,1,24,TRUE,"3,4",AD
6b794f4e8d47647e6ac1e7e70cf48ee4,062_S_1182,1182,50566,MRI,1,1/17/07,LMCI,2/13/07,76,Female,18,Not Hisp/Latino,White,0,29,TRUE,"3,3",MCI
9e47d92645d8bd7fef7d01a06c74812d,109_S_1183,1183,66167,MRI,1,01-03-2007,LMCI,1/23/07,80.2,Male,16,Not Hisp/Latino,Black,0,24,FALSE,"3,3",MCI
e7339bf6040e11eaba04c7f262550521,013_S_1186,1186,62656,MRI,1,1/29/07,LMCI,02-08-2007,83.2,Male,12,Not Hisp/Latino,White,0,28,TRUE,"3,3",MCI
df0fea44370659e8e25edf60e7a5eee6,126_S_1187,1187,48959,MRI,1,1/17/07,LMCI,02-08-2007,76.4,Male,12,Not Hisp/Latino,White,1,28,TRUE,"3,4",MCI
829191aa9ee94a6d1eb674077668bd5b,094_S_1188,1188,66051,MRI,1,12/28/06,LMCI,1/18/07,81.2,Female,18,Not Hisp/Latino,White,1,28,FALSE,"2,4",MCI
6578832973f24052d92f843fdec09510,023_S_1190,1190,46417,MRI,1,01-08-2007,CN,1/17/07,76.5,Female,13,Not Hisp/Latino,White,0,30,TRUE,"3,3",CN
a3d58569581c2f821ff2910ce7eb1cc6,941_S_1194,1194,63847,MRI,1,1/20/07,CN,02-06-2007,84.8,Male,18,Not Hisp/Latino,White,0,30,TRUE,"3,3",CN
82e93cba63410d1ea30df0eba0becb6c,941_S_1197,1197,66462,MRI,1,1/20/07,CN,2/16/07,82.4,Female,20,Unknown,White,0,30,TRUE,"2,3",CN
a7e49c8ec7ed5d391daea826953eccfe,130_S_1200,1200,63752,MRI,1,1/15/07,CN,1/30/07,84.4,Male,16,Not Hisp/Latino,White,0,30,FALSE,"3,3",CN
e02f4f5e1496a7d3a2b7da7d1366c741,130_S_1201,1201,63757,MRI,1,1/15/07,AD,1/30/07,75.5,Female,16,Not Hisp/Latino,Asian,0,26,FALSE,"3,3",AD
da24b8925460e9a8d6da35b1e684297d,941_S_1202,1202,63874,MRI,1,1/30/07,CN,02-12-2007,77.5,Male,18,Not Hisp/Latino,White,0,28,TRUE,"3,3",CN
306b26fb53ad6c003da8d83206c84001,013_S_1205,1205,51542,MRI,1,01-11-2007,AD,1/24/07,83,Male,19,Not Hisp/Latino,White,0,23,TRUE,"3,3",AD
179e1ae5b9b1f4650abf2bf986c0f9b5,007_S_1206,1206,59981,MRI,1,1/17/07,CN,1/30/07,72.9,Male,14,Not Hisp/Latino,White,0,29,TRUE,"3,3",CN
cddb6b77b3797889a2735bf91781c4d9,031_S_1209,1209,67441,MRI,1,01-12-2007,AD,1/31/07,72,Female,18,Not Hisp/Latino,White,1,26,TRUE,"3,4",AD
2474f9f56ffa20c5a3d98e0428d3e1fc,027_S_1213,1213,47223,MRI,1,1/19/07,LMCI,1/13/07,74.8,Female,16,Not Hisp/Latino,White,1,27,TRUE,"3,4",MCI
df89bd644aaf8885d86ce4514fc49764,029_S_1215,1215,60746,MRI,1,1/19/07,LMCI,02-07-2007,78.5,Male,16,Not Hisp/Latino,White,0,30,FALSE,"3,3",MCI
132ba30aee924ab079039c6bc8b140c3,057_S_1217,1217,62984,MRI,1,1/31/07,LMCI,2/14/07,67.8,Female,16,Not Hisp/Latino,White,2,29,TRUE,"4,4",MCI
840a2905f32d7ee33ebbd9ea742fec34,126_S_1221,1221,48976,MRI,1,1/23/07,AD,02-07-2007,71.2,Male,6,Not Hisp/Latino,White,1,21,TRUE,"3,4",AD
46aa88cd10afa7beded9fdcfddc04b42,007_S_1222,1222,60003,MRI,1,1/19/07,CN,02-06-2007,73.4,Female,16,Not Hisp/Latino,Black,0,30,FALSE,"2,3",CN
a20df54897edc4f30d5e21834e901d07,005_S_1224,1224,60406,MRI,1,1/23/07,LMCI,02-07-2007,81.1,Male,16,Not Hisp/Latino,White,0,26,TRUE,"3,3",MCI
a805b2df4a7737d94e5d927842bc497c,037_S_1225,1225,79934,MRI,1,1/24/07,LMCI,02-09-2007,76.4,Male,20,Not Hisp/Latino,White,0,28,TRUE,"3,3",MCI
6b7c0ec99ebf63f16e39e59ae7e0b66d,136_S_1227,1227,63838,MRI,1,02-06-2007,LMCI,2/19/07,64.6,Female,12,Not Hisp/Latino,White,0,29,TRUE,"3,3",MCI
03e0814ee376478993ee0f0c38360680,116_S_1232,1232,59711,MRI,1,1/24/07,CN,2/13/07,72.1,Female,14,Not Hisp/Latino,White,0,28,TRUE,"3,3",CN
f4da118f4b3ece57b095f195226c70db,036_S_1240,1240,65118,MRI,1,2/13/07,LMCI,2/26/07,67,Female,16,Not Hisp/Latino,White,2,26,TRUE,"4,4",MCI
9057c26799df666835ea94e570c3af74,094_S_1241,1241,66069,MRI,1,2/16/07,CN,2/16/07,72.1,Male,20,Not Hisp/Latino,White,0,30,FALSE,"3,3",CN
e640b5ed1a30c7e34fc48e3fd731794c,128_S_1242,1242,134505,MRI,1,02-05-2007,CN,2/16/07,71.1,Female,19,Not Hisp/Latino,Asian,0,26,FALSE,"2,3",CN
55752cbface2136a8d94be5197251dd6,116_S_1243,1243,59735,MRI,1,02-07-2007,LMCI,2/23/07,77.3,Male,16,Not Hisp/Latino,White,1,27,TRUE,"3,4",MCI
db0c6ad45c717eff4706333eaeb1d32c,141_S_1245,1245,48599,MRI,1,1/29/07,LMCI,02-07-2007,71.3,Female,14,Not Hisp/Latino,White,0,27,TRUE,"2,3",MCI
1a17711c4053db4f95c1c637bb476be6,129_S_1246,1246,69733,MRI,1,02-06-2007,LMCI,03-05-2007,72.4,Male,14,Not Hisp/Latino,White,1,29,TRUE,"3,4",MCI
80a53af549540feb8e5b0a6242e7b9fe,023_S_1247,1247,48857,MRI,1,1/31/07,LMCI,02-08-2007,72.5,Female,9,Not Hisp/Latino,White,0,24,TRUE,"3,3",MCI
55473ea94e4b32de4d2c75bcc2b18b3e,116_S_1249,1249,59647,MRI,1,02-07-2007,CN,2/14/07,70.8,Female,15,Not Hisp/Latino,White,1,30,TRUE,"3,4",CN
8963a7e2cb9a107971503cfb2530656a,052_S_1250,1250,62240,MRI,1,02-02-2007,CN,2/16/07,73.2,Female,10,Not Hisp/Latino,Black,0,28,FALSE,"2,3",CN
74f303c15a2cdfe30ae1e3c15d8e1387,052_S_1251,1251,62282,MRI,1,02-09-2007,CN,2/23/07,74.2,Female,13,Not Hisp/Latino,White,0,28,TRUE,"3,3",CN
54911500b87197105f3ef5a0b1fc4c81,027_S_1254,1254,47228,MRI,1,1/31/07,AD,02-12-2007,84.3,Male,11,Not Hisp/Latino,White,0,21,TRUE,"3,3",AD
a3c1401f05420a5331879e7abbcc386e,141_S_1255,1255,48608,MRI,1,02-03-2007,LMCI,03-09-2007,76.4,Female,16,Not Hisp/Latino,White,0,28,TRUE,"3,3",MCI
8b5de7490c6b12216cbf80059e7d6970,082_S_1256,1256,63155,MRI,1,2/16/07,CN,2/23/07,71.6,Female,17,Not Hisp/Latino,White,1,30,TRUE,"3,4",CN
8f8805cf79bcc70a222ccc102f478788,041_S_1260,1260,65239,MRI,1,02-01-2007,LMCI,2/28/07,71.2,Male,16,Not Hisp/Latino,White,0,28,TRUE,"3,3",MCI
4f4101a825a2e5a5cdd28deeaefaab3a,002_S_1261,1261,62377,MRI,1,2/15/07,CN,2/27/07,71.1,Female,16,Not Hisp/Latino,White,0,30,TRUE,"3,3",CN
ab240822a081e5e1384fe3e33a46b161,023_S_1262,1262,62433,MRI,1,02-09-2007,AD,03-01-2007,72.7,Female,12,Not Hisp/Latino,White,0,21,TRUE,"3,3",AD
841190a4bc0ae91fd2e6870ce354bc2b,057_S_1265,1265,69492,MRI,1,1/31/07,LMCI,2/13/07,82.2,Female,8,Not Hisp/Latino,White,1,26,TRUE,"3,4",MCI
983df109fa5ca773f226ed05385fe5cb,094_S_1267,1267,80718,MRI,1,3/16/07,CN,3/16/07,73.2,Male,16,Not Hisp/Latino,White,0,30,FALSE,"2,3",CN
7498e4341a7519b0705f6dda64fd2cdc,002_S_1268,1268,64037,MRI,1,2/14/07,LMCI,03-07-2007,82.7,Male,20,Not Hisp/Latino,White,1,28,TRUE,"3,4",MCI
c01c2c1bd548230be4662dad8d32e988,057_S_1269,1269,68545,MRI,1,1/31/07,LMCI,2/15/07,73.4,Male,20,Not Hisp/Latino,White,0,27,TRUE,"2,3",MCI
8f948be481cf9de3fddde048e364ab8f,116_S_1271,1271,59652,MRI,1,2/21/07,LMCI,3/20/07,71.2,Male,16,Not Hisp/Latino,White,1,27,TRUE,"3,4",MCI
04ec6608b5214e6e4c6e869c198bc7f7,013_S_1275,1275,62666,MRI,1,2/22/07,LMCI,03-08-2007,78.9,Female,20,Not Hisp/Latino,White,2,30,TRUE,"4,4",MCI
e62d1f7cc45df9f190c2bd49f1a71480,027_S_1277,1277,47278,MRI,1,02-09-2007,LMCI,2/21/07,86.3,Male,11,Not Hisp/Latino,White,1,24,TRUE,"3,4",MCI
ca93856e055b10ce98fa11ab0496224a,033_S_1279,1279,54757,MRI,1,02-12-2007,LMCI,2/28/07,68.3,Female,16,Not Hisp/Latino,White,2,24,TRUE,"4,4",MCI
60558ad84adb5792f213b1943e6e9a76,002_S_1280,1280,60056,MRI,1,2/13/07,CN,2/27/07,70.7,Female,14,Hisp/Latino,White,1,30,FALSE,"3,4",CN
d1e6db553711f22f92981573c5f1972b,033_S_1281,1281,54780,MRI,1,02-07-2007,AD,03-02-2007,77.6,Female,16,Not Hisp/Latino,White,2,25,TRUE,"4,4",AD
e7e45a208f844413cf1b21412d315ff5,011_S_1282,1282,62636,MRI,1,02-09-2007,LMCI,2/27/07,77,Female,12,Not Hisp/Latino,White,0,26,TRUE,"3,3",MCI
418050ea80b1d9600d0fe7de90404c0c,033_S_1283,1283,54785,MRI,1,02-07-2007,AD,2/26/07,59.9,Male,16,Not Hisp/Latino,White,1,25,TRUE,"3,4",AD
e56fb15620bd1b843730775d1076832e,033_S_1284,1284,54799,MRI,1,02-12-2007,LMCI,2/26/07,85.9,Male,16,Not Hisp/Latino,White,1,29,TRUE,"3,4",MCI
5df8a210caab92895deaf4b9a2eeb373,033_S_1285,1285,51588,MRI,1,02-06-2007,AD,2/26/07,80,Female,18,Not Hisp/Latino,White,1,26,TRUE,"2,4",AD
b5188a20c67de0816971c6fe361f1fb3,020_S_1288,1288,60664,MRI,1,2/21/07,CN,2/21/07,59.9,Male,20,Not Hisp/Latino,White,0,30,TRUE,"3,3",CN
bef2485b493d75bc48a5c19e176ee6dd,130_S_1290,1290,63766,MRI,1,02-07-2007,AD,2/27/07,79.3,Female,8,Not Hisp/Latino,White,1,25,TRUE,"3,4",AD
bffe6e39cbad054df68ce687d1fe9c8c,012_S_1292,1292,92429,MRI,1,03-01-2007,LMCI,3/19/07,76.2,Male,16,Not Hisp/Latino,White,0,26,TRUE,"3,3",MCI
78e85156aaaab87c1f2373705aa6c49e,094_S_1293,1293,64374,MRI,1,03-12-2007,LMCI,03-12-2007,77.1,Male,16,Not Hisp/Latino,White,2,25,FALSE,"4,4",MCI
86a1eeb74d7513c88ecbb1c81ee695ba,051_S_1296,1296,58022,MRI,1,02-12-2007,AD,03-01-2007,76.9,Male,12,Not Hisp/Latino,White,2,25,FALSE,"4,4",AD
95a9b36c287261afe8b95889f97aa1a0,062_S_1299,1299,50584,MRI,1,2/20/07,LMCI,03-06-2007,71.8,Male,14,Not Hisp/Latino,White,0,26,TRUE,"3,3",MCI
73d4cd21881b45e3f26a12eca87c46c5,123_S_1300,1300,66305,MRI,1,03-08-2007,LMCI,3/30/07,73.4,Female,12,Not Hisp/Latino,White,0,28,TRUE,"3,3",MCI
4c495c97adedffac907f32d6a9a02980,131_S_1301,1301,63793,MRI,1,2/21/07,CN,2/27/07,72.1,Female,18,Not Hisp/Latino,White,1,30,TRUE,"3,4",CN
6499677f47b3232d2f9400c3727c5723,024_S_1307,1307,63415,MRI,1,2/23/07,AD,03-01-2007,75.3,Female,13,Not Hisp/Latino,White,1,24,TRUE,"3,4",AD
914485e445fb6b52d5c89d5900b28050,033_S_1308,1308,54752,MRI,1,02-08-2007,AD,2/28/07,79.7,Male,14,Not Hisp/Latino,White,1,23,TRUE,"3,4",AD
535062a5881ebe1e6554ea9e86092cf6,033_S_1309,1309,51605,MRI,1,02-08-2007,LMCI,2/28/07,69.1,Female,16,Not Hisp/Latino,White,2,27,TRUE,"4,4",MCI
34f4a93399b27b533b9afd1c4383274f,941_S_1311,1311,97327,MRI,1,03-02-2007,LMCI,3/19/07,69.1,Male,12,Not Hisp/Latino,White,2,29,TRUE,"4,4",MCI
f2a9712d7cdb4738423809bc2233018a,116_S_1315,1315,59718,MRI,1,03-08-2007,LMCI,3/23/07,83.3,Female,14,Not Hisp/Latino,White,0,25,FALSE,"3,3",MCI
00333ab0dfcd4da7b7935e3cbe71a506,029_S_1318,1318,60760,MRI,1,2/17/07,LMCI,04-05-2007,82.9,Female,18,Not Hisp/Latino,White,0,29,TRUE,"3,3",MCI
f6e57a55ac646857a4ab3ccf50342758,012_S_1321,1321,63367,MRI,1,2/22/07,LMCI,03-12-2007,83.2,Male,20,Not Hisp/Latino,White,0,28,TRUE,"3,3",MCI
7dd67aced397f20d3ef4ae69e5a5e7ae,121_S_1322,1322,66185,MRI,1,03-02-2007,LMCI,3/15/07,71.7,Female,12,Unknown,White,2,28,FALSE,"4,4",MCI
ed2db858602bd237c89a7318226a42c6,016_S_1326,1326,62395,MRI,1,03-01-2007,LMCI,3/27/07,66.3,Male,18,Not Hisp/Latino,White,1,28,TRUE,"3,4",MCI
6f806ec84b5dea1ac04d18b74d9446de,051_S_1331,1331,64152,MRI,1,4/13/07,LMCI,5/16/07,76.5,Female,11,Not Hisp/Latino,White,0,26,FALSE,"3,3",MCI
dffd2bd30590d8d5683651d1f30e6120,130_S_1337,1337,63775,MRI,1,03-05-2007,AD,3/13/07,71.4,Male,16,Not Hisp/Latino,White,0,25,TRUE,"3,3",AD
03a5d8a4364f4aecf31e03b39c1ff2bc,007_S_1339,1339,56319,MRI,1,2/22/07,AD,3/28/07,79.5,Female,13,Not Hisp/Latino,White,0,25,TRUE,"3,3",AD
23e7e91043cb34958de8ad44dce0a914,005_S_1341,1341,60417,MRI,1,03-07-2007,AD,04-03-2007,71.6,Female,12,Not Hisp/Latino,White,1,24,TRUE,"3,4",AD
9f240b9b50d862c745f15565b9108354,109_S_1343,1343,66176,MRI,1,3/20/07,LMCI,04-10-2007,64.7,Male,13,Not Hisp/Latino,Black,1,26,FALSE,"3,4",MCI
4a0737dc5e22074016b5629037243b6a,052_S_1346,1346,62299,MRI,1,3/13/07,LMCI,3/23/07,72.6,Male,12,Not Hisp/Latino,White,1,29,FALSE,"3,4",MCI
30dcf5763360d0fe216cfb61d7e35f78,022_S_1351,1351,59615,MRI,1,3/16/07,LMCI,3/16/07,71.8,Female,12,Not Hisp/Latino,White,2,30,TRUE,"4,4",MCI
3e2d812095f600f397604104a261a09e,052_S_1352,1352,62319,MRI,1,03-06-2007,LMCI,3/19/07,85.9,Male,16,Not Hisp/Latino,White,0,30,TRUE,"3,3",MCI
85fc795686e18272573ef2e06c8a4417,041_S_1368,1368,65248,MRI,1,03-05-2007,AD,3/21/07,75.2,Female,18,Not Hisp/Latino,White,0,20,TRUE,"3,3",AD
734db8e05f6be469df79c1419f253ad7,057_S_1371,1371,62998,MRI,1,3/21/07,AD,04-12-2007,84.2,Male,10,Not Hisp/Latino,White,1,26,TRUE,"3,4",AD
1fa279dd1619017f76ca2fb8128787d0,057_S_1373,1373,63008,MRI,1,3/21/07,AD,4/17/07,75.4,Male,20,Not Hisp/Latino,White,1,21,TRUE,"3,4",AD
eab7a93a325b94289fd1241335c242a0,082_S_1377,1377,63170,MRI,1,3/20/07,AD,3/23/07,82.6,Male,16,Not Hisp/Latino,White,2,23,TRUE,"4,4",AD
9cdc06c001e664b614ff99e09884cfd1,057_S_1379,1379,63014,MRI,1,3/21/07,AD,04-12-2007,87.7,Male,8,Not Hisp/Latino,White,0,24,TRUE,"3,3",AD
49147468cb22add9597e20a91ead38f1,127_S_1382,1382,66310,MRI,1,3/16/07,AD,4/20/07,64.3,Male,16,Not Hisp/Latino,White,0,21,FALSE,"3,3",AD
41945f5bb5992b4db1cd4d03ae4672d1,029_S_1384,1384,64907,MRI,1,3/28/07,LMCI,04-05-2007,72,Male,16,Not Hisp/Latino,White,2,25,TRUE,"4,4",MCI
c5223179e5b4f91e27c3c7550c27aa14,027_S_1385,1385,47574,MRI,1,2/28/07,AD,3/13/07,69.5,Female,12,Not Hisp/Latino,Black,2,26,FALSE,"4,4",AD
ce974bf11e337c0ba91cbf08024a01d2,027_S_1387,1387,67201,MRI,1,2/26/07,LMCI,03-12-2007,85.6,Male,20,Not Hisp/Latino,White,1,27,TRUE,"3,4",MCI
d2b0f1ef6d6353223c03ea888fffbdc5,131_S_1389,1389,81972,MRI,1,3/16/07,LMCI,4/24/07,76.1,Male,18,Not Hisp/Latino,White,1,29,TRUE,"2,4",MCI
78dcc4e14caf9b20b9f597e9780b09a0,024_S_1393,1393,65271,MRI,1,3/13/07,LMCI,4/20/07,82.5,Male,18,Not Hisp/Latino,White,0,27,TRUE,"3,3",MCI
e4523e19c7f64e28d58bea9423f40fbf,022_S_1394,1394,68082,MRI,1,5/29/07,LMCI,06-11-2007,77.1,Male,18,Not Hisp/Latino,White,1,27,TRUE,"3,4",MCI
dcb3c586ae99f7d205bfdfabc35f1163,094_S_1397,1397,95662,MRI,1,4/26/07,AD,5/15/07,55.1,Female,18,Not Hisp/Latino,White,0,24,FALSE,"3,3",AD
765107e94bd37f98299e6dfd5b918163,094_S_1398,1398,63227,MRI,1,05-03-2007,LMCI,5/17/07,77.6,Female,16,Not Hisp/Latino,White,1,24,FALSE,"3,4",MCI
d4a82058666cceeb9a4ac4d581b70b97,094_S_1402,1402,66078,MRI,1,05-10-2007,AD,5/24/07,69.3,Male,20,Not Hisp/Latino,White,0,23,FALSE,"3,3",AD
a2263c3f3b5f3b7c49091e4b575a406e,128_S_1407,1407,69390,MRI,1,06-06-2007,LMCI,6/25/07,74.6,Female,16,Not Hisp/Latino,Black,1,24,FALSE,"3,4",MCI
ef0cfa5ae3252e6e32cb4b2043cf30f9,128_S_1408,1408,69289,MRI,1,7/27/07,LMCI,08-01-2007,71.4,Male,16,Not Hisp/Latino,White,0,26,TRUE,"3,3",MCI
421767aeb03c8fd70f2486f3a2b333e0,041_S_1412,1412,72219,MRI,1,6/25/07,LMCI,7/30/07,59.4,Male,16,Not Hisp/Latino,White,1,30,FALSE,"3,4",MCI
fb0996edb07aee4f9914cdf8d517815c,137_S_1414,1414,74557,MRI,1,08-01-2007,LMCI,8/23/07,74.3,Male,18,Not Hisp/Latino,White,1,27,TRUE,"3,4",MCI
6cc51cb7a2dcb17f63eb34d78acd69ea,094_S_1417,1417,73647,MRI,1,7/16/07,LMCI,7/24/07,63.1,Male,12,Not Hisp/Latino,White,0,25,FALSE,"3,3",MCI
accec26ec5e8b4617a27311147195764,041_S_1418,1418,73642,MRI,1,7/27/07,LMCI,8/14/07,81.5,Male,12,Not Hisp/Latino,White,0,29,TRUE,"3,3",MCI
e578091b0b566a7ceb5edc04add72e6f,127_S_1419,1419,73656,MRI,1,7/23/07,LMCI,8/21/07,77.9,Male,17,Not Hisp/Latino,White,1,28,FALSE,"3,4",MCI
17bd07436b4738df75296d8243dde55a,037_S_1421,1421,79948,MRI,1,8/27/07,LMCI,09-04-2007,74.4,Female,12,Not Hisp/Latino,White,1,29,TRUE,"3,4",MCI
988d0d14536ea48336a73e6a37f92e81,041_S_1423,1423,72232,MRI,1,08-03-2007,LMCI,8/14/07,69.4,Male,19,Not Hisp/Latino,White,1,29,TRUE,"3,4",MCI
9d69108b4962c44be80b6d259252a686,041_S_1425,1425,73357,MRI,1,08-06-2007,LMCI,8/17/07,75.6,Female,16,Not Hisp/Latino,White,0,28,TRUE,"3,3",MCI
5796287144fbf11903b0adeff53587fe,137_S_1426,1426,79102,MRI,1,09-07-2007,LMCI,10/15/07,83.4,Male,18,Not Hisp/Latino,White,0,26,TRUE,"3,3",MCI
ee3a9cb8b2dfbb1e3649e8485e41f855,127_S_1427,1427,91126,MRI,1,8/20/07,LMCI,8/28/07,69.6,Female,12,Not Hisp/Latino,White,0,27,FALSE,"3,3",MCI
